atlas	2048	4096	32	29.688	7.5	37.188
g	13	2	2	0	0	0	29.688	29.688	8.96
g	32	42	2	0	0	0	29.688	29.688	8.96
g	33	82	2	5	23	7.063	-0.313	22.344	18.75
g	34	122	2	10	10	4.438	12.188	22.188	18.75
g	35	162	2	16	23	1.563	0	22.188	18.75
g	36	202	2	15	33	2.016	-5	27.188	18.75
g	37	242	2	18	23	0.844	-0.313	22.5	18.75
g	38	282	2	19	23	0.875	-0.313	22.5	18.75
g	39	322	2	4	10	7.563	12.188	22.188	18.75
g	40	362	2	12	29	4.156	-3.125	25.313	18.75
g	41	402	2	12	29	3.156	-3.125	25.313	18.75
g	42	442	2	16	15	1.75	4.031	18.375	18.75
g	43	482	2	16	17	1.563	2.969	19.188	18.75
g	44	522	2	5	11	6.438	-6.813	3.969	18.75
g	45	562	2	16	3	1.563	9.625	12.531	18.75
g	46	602	2	5	5	7.063	-0.313	4.313	18.75
g	47	642	2	16	29	1.781	-2.969	25.156	18.75
g	48	682	2	16	23	1.813	-0.313	22.5	18.75
g	49	722	2	14	23	2.656	0	22.188	18.75
g	50	762	2	16	23	1.656	0	22.5	18.75
g	51	802	2	15	23	1.953	-0.313	22.5	18.75
g	52	842	2	17	23	1.156	0	22.188	18.75
g	53	882	2	16	23	2.063	-0.313	22.188	18.75
g	54	922	2	16	23	2	-0.313	22.281	18.75
g	55	962	2	17	23	1.75	0	22.188	18.75
g	56	1002	2	16	23	1.813	-0.313	22.5	18.75
g	57	1042	2	16	23	1.813	-0.313	22.281	18.75
g	58	1082	2	5	18	7.063	-0.313	16.875	18.75
g	59	2	49	6	24	6.438	-6.813	16.875	18.75
g	60	42	49	15	16	1.5	3.344	18.813	18.75
g	61	82	49	16	11	1.563	5.719	16.438	18.75
g	62	122	49	15	16	2.281	3.344	18.813	18.75
g	63	162	49	14	23	1.813	-0.313	22.5	18.75
g	64	202	49	16	27	1.688	-3.797	22.484	18.75
g	65	242	49	18	23	0.703	0	22.188	18.75
g	66	282	49	16	23	2.5	0	22.188	18.75
g	67	322	49	17	23	1.344	-0.313	22.5	18.75
g	68	362	49	16	23	2.188	0	22.188	18.75
g	69	402	49	15	23	2.5	0	22.188	18.75
g	70	442	49	15	23	2.813	0	22.188	18.75
g	71	482	49	17	23	1.031	-0.313	22.5	18.75
g	72	522	49	15	23	2.188	0	22.188	18.75
g	73	562	49	14	23	2.625	0	22.188	18.75
g	74	602	49	16	23	1.344	-0.313	22.188	18.75
g	75	642	49	16	23	2.344	0	22.188	18.75
g	76	682	49	15	23	2.5	0	22.188	18.75
g	77	722	49	15	23	2	0	22.188	18.75
g	78	762	49	15	23	2.313	0	22.188	18.75
g	79	802	49	17	23	1.188	-0.313	22.5	18.75
g	80	842	49	15	23	2.5	0	22.188	18.75
g	81	882	49	17	30	1.188	-7.188	22.5	18.75
g	82	922	49	16	23	2.188	0	22.188	18.75
g	83	962	49	15	23	2.016	-0.313	22.5	18.75
g	84	1002	49	17	23	1.25	0	22.188	18.75
g	85	1042	49	15	23	2.188	-0.313	22.188	18.75
g	86	1082	49	18	23	0.703	0	22.188	18.75
g	87	2	96	19	23	0.313	0	22.188	18.75
g	88	42	96	17	23	1.016	0	22.188	18.75
g	89	82	96	18	23	0.391	0	22.188	18.75
g	90	122	96	15	23	2.344	0	22.188	18.75
g	91	162	96	10	29	5.813	-3.344	25.531	18.75
g	92	202	96	16	29	1.094	-2.969	25.156	18.75
g	93	242	96	10	29	3.156	-3.344	25.531	18.75
g	94	282	96	13	10	3.203	12.813	22.188	18.75
g	95	322	96	16	3	1.563	-2.906	0	18.75
g	96	362	96	8	9	5.234	16.688	25.438	18.75
g	97	402	96	17	18	1.5	-0.313	16.719	18.75
g	98	442	96	15	24	2.547	-0.313	23.438	18.75
g	99	482	96	16	18	2.125	-0.313	16.875	18.75
g	100	522	96	15	24	1.5	-0.313	23.438	18.75
g	101	562	96	15	18	1.969	-0.313	16.875	18.75
g	102	602	96	17	24	1.063	0	23.75	18.75
g	103	642	96	15	25	1.5	-7.469	16.875	18.75
g	104	682	96	14	24	2.625	0	23.438	18.75
g	105	722	96	15	24	2.5	0	23.813	18.75
g	106	762	96	12	32	2.656	-7.5	23.813	18.75
g	107	802	96	16	24	2.5	0	23.438	18.75
g	108	842	96	16	24	1.531	-0.313	23.438	18.75
g	109	882	96	16	17	1.75	0	16.875	18.75
g	110	922	96	14	17	2.625	0	16.875	18.75
g	111	962	96	15	18	2.125	-0.313	16.875	18.75
g	112	1002	96	15	25	2.625	-7.188	16.875	18.75
g	113	1042	96	15	25	1.5	-7.188	16.875	18.75
g	114	1082	96	17	17	1.25	0	16.875	18.75
g	115	2	143	14	18	2.438	-0.313	16.875	18.75
g	116	42	143	16	22	1.094	-0.313	21.563	18.75
g	117	82	143	16	17	2.281	-0.313	16.563	18.75
g	118	122	143	17	17	1.25	0	16.563	18.75
g	119	162	143	17	17	1.094	0	16.563	18.75
g	120	202	143	16	17	1.656	0	16.563	18.75
g	121	242	143	17	25	0.859	-7.5	16.563	18.75
g	122	282	143	14	17	2.563	0	16.563	18.75
g	123	322	143	12	29	3.844	-3.344	25.406	18.75
g	124	362	143	4	32	7.75	-4.844	27.031	18.75
g	125	402	143	12	29	3.344	-3.344	25.406	18.75
g	126	442	143	16	7	1.563	7.594	14.531	18.75
g	160	482	143	0	0	0	29.688	29.688	18.75
g	161	522	143	5	23	7.063	-5.781	16.875	18.75
g	162	562	143	16	27	2.125	-5.219	21.781	18.75
g	163	602	143	16	23	1.703	0	22.5	18.75
g	164	642	143	17	18	1.125	2.203	19.672	18.75
g	165	682	143	18	23	0.391	0	22.188	18.75
g	166	722	143	4	32	7.75	-4.844	27.031	18.75
g	167	762	143	17	28	1.078	-3.438	24.5	18.75
g	168	802	143	11	5	4	19.344	23.531	18.75
g	169	842	143	18	22	0.406	0.234	21.953	18.75
g	170	882	143	12	11	3.578	12.078	22.5	18.75
g	171	922	143	17	16	0.938	0.391	16.078	18.75
g	172	962	143	16	9	1.563	5.469	14.109	18.75
g	174	1002	143	18	22	0.406	0.234	21.953	18.75
g	175	1042	143	14	3	2.656	19.5	22.438	18.75
g	176	1082	143	12	12	3.406	10.781	22.5	18.75
g	177	2	190	16	17	1.563	2.906	19.125	18.75
g	178	42	190	9	10	5.141	12.531	22.5	18.75
g	179	82	190	8	11	5.375	12.38	22.5	18.75
g	180	122	190	6	6	6.859	19.5	25.438	18.75
g	181	162	190	16	24	2.359	-7.188	16.563	18.75
g	182	202	190	18	23	0.563	0	22.188	18.75
g	183	242	190	5	5	7.063	8.781	13.406	18.75
g	184	282	190	6	8	6.469	-7.5	0.094	18.75
g	185	322	190	9	10	5.328	12.5	22.188	18.75
g	186	362	190	11	11	4.031	12.031	22.5	18.75
g	187	402	190	17	16	1.391	0.391	16.078	18.75
g	188	442	190	17	23	1.266	0	22.188	18.75
g	189	482	190	17	23	1.266	-0.016	22.188	18.75
g	190	522	190	16	23	1.469	0	22.5	18.75
g	191	562	190	14	23	3.031	-5.938	16.875	18.75
g	192	602	190	18	29	0.703	0	28.594	18.75
g	193	642	190	18	29	0.703	0	28.594	18.75
g	194	682	190	18	29	0.703	0	28.75	18.75
g	195	722	190	18	30	0.703	0	29.531	18.75
g	196	762	190	18	29	0.703	0	28.875	18.75
g	197	802	190	18	30	0.703	0	29.688	18.75
g	198	842	190	17	23	0.656	0	22.188	18.75
g	199	882	190	17	30	1.344	-7.5	22.5	18.75
g	200	922	190	15	29	2.5	0	28.594	18.75
g	201	962	190	15	29	2.5	0	28.594	18.75
g	202	1002	190	15	29	2.5	0	28.75	18.75
g	203	1042	190	15	29	2.5	0	28.875	18.75
g	204	1082	190	14	29	2.625	0	28.594	18.75
g	205	2	237	14	29	2.625	0	28.594	18.75
g	206	42	237	14	29	2.625	0	28.75	18.75
g	207	82	237	14	29	2.625	0	28.875	18.75
g	208	122	237	18	23	0.188	0	22.188	18.75
g	209	162	237	15	30	2.313	0	29.531	18.75
g	210	202	237	17	29	1.188	-0.313	28.594	18.75
g	211	242	237	17	29	1.188	-0.313	28.594	18.75
g	212	282	237	17	30	1.188	-0.313	28.75	18.75
g	213	322	237	17	30	1.188	-0.313	29.531	18.75
g	214	362	237	17	30	1.188	-0.313	28.875	18.75
g	215	402	237	15	16	1.891	2.938	18.563	18.75
g	216	442	237	17	27	1.031	-2.094	23.938	18.75
g	217	482	237	15	29	2.188	-0.313	28.594	18.75
g	218	522	237	15	29	2.188	-0.313	28.594	18.75
g	219	562	237	15	30	2.188	-0.313	28.75	18.75
g	220	602	237	15	30	2.188	-0.313	28.875	18.75
g	221	642	237	18	29	0.391	0	28.594	18.75
g	222	682	237	15	23	2.5	0	22.188	18.75
g	223	722	237	18	25	1.063	-0.313	23.75	18.75
g	224	762	237	17	26	1.5	-0.313	25.438	18.75
g	225	802	237	17	26	1.5	-0.313	25.438	18.75
g	226	842	237	17	26	1.5	-0.313	25.438	18.75
g	227	882	237	17	26	1.5	-0.313	25	18.75
g	228	922	237	17	24	1.5	-0.313	23.531	18.75
g	229	962	237	17	26	1.5	-0.313	25.469	18.75
g	230	1002	237	19	18	0.328	-0.313	16.875	18.75
g	231	1042	237	16	25	2.125	-7.5	16.875	18.75
g	232	1082	237	15	26	1.969	-0.313	25.438	18.75
g	233	2	284	15	26	1.969	-0.313	25.438	18.75
g	234	42	284	15	26	1.969	-0.313	25.438	18.75
g	235	82	284	15	24	1.969	-0.313	23.531	18.75
g	236	122	284	15	26	2.5	0	25.438	18.75
g	237	162	284	15	26	2.5	0	25.438	18.75
g	238	202	284	15	26	2.5	0	25.438	18.75
g	239	242	284	15	24	2.5	0	23.531	18.75
g	240	282	284	16	24	1.766	-0.313	23.688	18.75
g	241	322	284	14	25	2.625	0	25	18.75
g	242	362	284	15	26	2.125	-0.313	25.438	18.75
g	243	402	284	15	26	2.125	-0.313	25.438	18.75
g	244	442	284	15	26	2.125	-0.313	25.438	18.75
g	245	482	284	15	26	2.125	-0.313	25	18.75
g	246	522	284	15	24	2.125	-0.313	23.531	18.75
g	247	562	284	16	18	1.563	2.359	19.766	18.75
g	248	602	284	15	21	2.125	-2.094	18.719	18.75
g	249	642	284	16	26	2.281	-0.313	25.438	18.75
g	250	682	284	16	26	2.281	-0.313	25.438	18.75
g	251	722	284	16	26	2.281	-0.313	25.438	18.75
g	252	762	284	16	24	2.281	-0.313	23.531	18.75
g	253	802	284	17	33	0.859	-7.5	25.438	18.75
g	254	842	284	15	31	2.625	-7.188	23.438	18.75
g	255	882	284	17	32	0.859	-7.5	23.531	18.75
g	256	922	284	18	28	0.703	0	27.625	18.75
g	257	962	284	17	23	1.5	-0.313	22.438	18.75
g	258	1002	284	18	30	0.703	0	29.063	18.75
g	259	1042	284	17	26	1.5	-0.313	25.047	18.75
g	260	1082	284	18	29	0.703	-6.625	22.188	18.75
g	261	2	331	17	24	1.5	-6.625	16.719	18.75
g	262	42	331	17	29	1.344	-0.313	28.594	18.75
g	263	82	331	16	26	2.125	-0.313	25.438	18.75
g	264	122	331	17	30	1.344	-0.313	28.75	18.75
g	265	162	331	16	26	2.125	-0.313	25.438	18.75
g	266	202	331	17	30	1.344	-0.313	28.875	18.75
g	267	242	331	16	24	2.125	-0.313	23.531	18.75
g	268	282	331	17	30	1.344	-0.313	28.75	18.75
g	269	322	331	16	26	2.125	-0.313	24.844	18.75
g	270	362	331	16	29	2.188	0	28.75	18.75
g	271	402	331	21	25	1.5	-0.313	24.5	18.75
g	272	442	331	18	23	0.188	0	22.188	18.75
g	273	482	331	17	24	1.5	-0.313	23.438	18.75
g	274	522	331	15	28	2.5	0	27.625	18.75
g	275	562	331	15	23	1.969	-0.313	22.438	18.75
g	276	602	331	15	30	2.5	0	29.063	18.75
g	277	642	331	15	26	1.969	-0.313	25.047	18.75
g	278	682	331	15	29	2.5	0	28.875	18.75
g	279	722	331	15	24	1.969	-0.313	23.531	18.75
g	280	762	331	15	29	2.5	-6.625	22.188	18.75
g	281	802	331	15	24	1.969	-6.625	16.875	18.75
g	282	842	331	15	29	2.5	0	28.75	18.75
g	283	882	331	15	26	1.969	-0.313	24.844	18.75
g	284	922	331	17	30	1.031	-0.313	28.75	18.75
g	285	962	331	15	33	1.5	-7.469	25.438	18.75
g	286	1002	331	17	30	1.031	-0.313	29.063	18.75
g	287	1042	331	15	33	1.5	-7.469	25.047	18.75
g	288	1082	331	17	30	1.031	-0.313	28.875	18.75
g	289	2	378	15	31	1.5	-7.469	23.531	18.75
g	290	42	378	17	32	1.031	-8.875	22.5	18.75
g	291	82	378	15	34	1.5	-7.469	25.859	18.75
g	292	122	378	15	29	2.188	0	28.75	18.75
g	293	162	378	18	30	-1.047	0	30	18.75
g	294	202	378	18	23	0.656	0	22.188	18.75
g	295	242	378	16	24	0.344	0	23.438	18.75
g	296	282	378	14	30	2.625	0	29.531	18.75
g	297	322	378	15	25	2.5	0	25	18.75
g	298	362	378	14	28	2.625	0	27.625	18.75
g	299	402	378	15	23	2.5	0	22.438	18.75
g	300	442	378	14	30	2.625	0	29.063	18.75
g	301	482	378	15	26	2.5	0	25.047	18.75
g	302	522	378	14	29	2.625	-6.625	22.188	18.75
g	303	562	378	15	31	2.5	-6.625	23.813	18.75
g	304	602	378	14	29	2.625	0	28.875	18.75
g	305	642	378	15	17	2.5	0	16.563	18.75
g	306	682	378	17	23	0.859	-0.313	22.188	18.75
g	307	722	378	13	32	3.125	-7.5	23.813	18.75
g	308	762	378	17	30	1.344	-0.313	28.75	18.75
g	309	802	378	15	33	2.656	-7.5	25.438	18.75
g	310	842	378	16	32	2.344	-8.875	22.188	18.75
g	311	882	378	16	33	2.5	-8.875	23.438	18.75
g	312	922	378	16	17	2.5	0	16.563	18.75
g	313	962	378	16	29	2.078	0	28.594	18.75
g	314	1002	378	16	31	1.531	-0.313	29.844	18.75
g	315	1042	378	15	32	2.5	-8.875	22.188	18.75
g	316	1082	378	16	33	1.531	-8.875	23.438	18.75
g	317	2	425	15	25	2.5	0	24.5	18.75
g	318	42	425	16	25	1.531	-0.313	24.5	18.75
g	319	82	425	15	23	2.5	0	22.188	18.75
g	320	122	425	16	24	1.531	-0.313	23.438	18.75
g	321	162	425	17	23	0.906	0	22.188	18.75
g	322	202	425	16	24	1.531	-0.313	23.438	18.75
g	323	242	425	15	29	2.313	0	28.594	18.75
g	324	282	425	14	26	2.625	0	25.438	18.75
g	325	322	425	15	32	2.313	-8.875	22.188	18.75
g	326	362	425	14	26	2.625	-8.875	16.875	18.75
g	327	402	425	15	29	2.313	0	28.75	18.75
g	328	442	425	14	25	2.625	0	24.844	18.75
g	329	482	425	16	27	0.25	0	26.563	18.75
g	330	522	425	15	30	2.313	-7.5	22.188	18.75
g	331	562	425	14	25	2.625	-7.5	16.875	18.75
g	332	602	425	17	28	1.188	-0.313	27.625	18.75
g	333	642	425	15	23	2.125	-0.313	22.438	18.75
g	334	682	425	17	30	1.188	-0.313	29.063	18.75
g	335	722	425	15	26	2.125	-0.313	25.047	18.75
g	336	762	425	17	29	1.188	-0.313	28.594	18.75
g	337	802	425	15	26	2.125	-0.313	25.438	18.75
g	338	842	425	16	23	1.188	-0.313	22.5	18.75
g	339	882	425	19	18	0.313	-0.313	16.875	18.75
g	340	922	425	16	29	2.188	0	28.594	18.75
g	341	962	425	17	26	1.25	0	25.438	18.75
g	342	1002	425	16	32	2.188	-8.875	22.188	18.75
g	343	1042	425	17	26	1.25	-8.875	16.875	18.75
g	344	1082	425	16	29	2.188	0	28.75	18.75
g	345	2	472	17	25	1.25	0	24.844	18.75
g	346	42	472	15	29	2.016	-0.313	28.594	18.75
g	347	82	472	14	26	2.438	-0.313	25.438	18.75
g	348	122	472	15	30	2.016	-0.313	28.75	18.75
g	349	162	472	14	26	2.438	-0.313	25.438	18.75
g	350	202	472	15	30	2.016	-7.5	22.5	18.75
g	351	242	472	14	25	2.438	-7.5	16.875	18.75
g	352	282	472	15	30	2.016	-0.313	28.75	18.75
g	353	322	472	14	26	2.438	-0.313	24.844	18.75
g	354	362	472	17	30	1.25	-7.5	22.188	18.75
g	355	402	472	16	30	1.094	-7.5	21.563	18.75
g	356	442	472	17	29	1.25	0	28.75	18.75
g	357	482	472	16	26	1.094	-0.313	25.125	18.75
g	358	522	472	17	23	1.25	0	22.188	18.75
g	359	562	472	16	22	1.094	-0.313	21.563	18.75
g	360	602	472	15	30	2.188	-0.313	29.531	18.75
g	361	642	472	16	26	2.281	-0.313	25	18.75
g	362	682	472	15	28	2.188	-0.313	27.625	18.75
g	363	722	472	16	23	2.281	-0.313	22.438	18.75
g	364	762	472	15	30	2.188	-0.313	29.063	18.75
g	365	802	472	16	26	2.281	-0.313	25.047	18.75
g	366	842	472	15	30	2.188	-0.313	29.688	18.75
g	367	882	472	16	26	2.281	-0.313	25.469	18.75
g	368	922	472	16	29	2.188	-0.313	28.594	18.75
g	369	962	472	16	26	2.281	-0.313	25.438	18.75
g	370	1002	472	15	29	2.188	-6.625	22.188	18.75
g	371	1042	472	16	24	2.281	-6.625	16.563	18.75
g	372	1082	472	19	29	0.313	0	28.75	18.75
g	373	2	519	17	26	1.094	0	25.438	18.75
g	374	42	519	18	29	0.391	0	28.75	18.75
g	375	82	519	17	33	0.859	-7.5	25.438	18.75
g	376	122	519	18	29	0.391	0	28.875	18.75
g	377	162	519	15	29	2.344	0	28.594	18.75
g	378	202	519	14	26	2.563	0	25.438	18.75
g	379	242	519	15	29	2.344	0	28.875	18.75
g	380	282	519	14	24	2.563	0	23.531	18.75
g	381	322	519	15	29	2.344	0	28.75	18.75
g	382	362	519	14	25	2.563	0	24.844	18.75
g	383	402	519	18	24	1.063	0	23.75	18.75
g	390	442	519	17	23	0.734	-0.313	22.5	18.75
g	393	482	519	18	23	0.188	0	22.188	18.75
g	398	522	519	15	23	1.563	0	22.188	18.75
g	399	562	519	17	23	1.188	-0.313	22.5	18.75
g	400	602	519	16	23	2	-0.313	22.5	18.75
g	401	642	519	19	30	-0.719	-7.438	22.188	18.75
g	402	682	519	17	32	1.063	-7.453	23.75	18.75
g	404	722	519	18	30	0.703	-7.219	22.188	18.75
g	406	762	519	16	24	1.531	-0.313	23.438	18.75
g	410	802	519	16	24	1.531	-0.313	23.438	18.75
g	411	842	519	18	25	1.047	-0.313	23.75	18.75
g	413	882	519	18	30	-1.219	-7.438	22.188	18.75
g	416	922	519	19	27	1.188	-0.313	25.828	18.75
g	417	962	519	17	22	2.125	-0.313	20.984	18.75
g	425	1002	519	15	23	2.344	0	22.188	18.75
g	431	1042	519	19	27	2.188	-0.313	25.828	18.75
g	432	1082	519	17	22	2.281	-0.313	20.984	18.75
g	433	2	566	17	23	1.188	-0.313	22.188	18.75
g	434	42	566	15	23	2.188	-0.313	22.188	18.75
g	439	82	566	16	23	1.156	-0.313	22.188	18.75
g	461	122	566	18	29	0.703	0	28.75	18.75
g	462	162	566	17	26	1.5	-0.313	24.844	18.75
g	477	202	566	15	18	2.125	-0.313	16.875	18.75
g	484	242	566	18	23	1.031	-0.313	22.5	18.75
g	485	282	566	18	25	0.688	-7.469	16.875	18.75
g	486	322	566	17	30	1.031	-0.313	28.75	18.75
g	487	362	566	15	33	1.5	-7.469	24.844	18.75
g	490	402	566	17	30	1.188	-6.625	22.5	18.75
g	491	442	566	15	24	2.125	-6.625	16.875	18.75
g	496	482	566	15	33	2.656	-7.5	24.844	18.75
g	506	522	566	18	33	0.703	0	32.344	18.75
g	507	562	566	17	31	1.5	-0.313	29.813	18.75
g	508	602	566	17	29	0.656	0	28.594	18.75
g	509	642	566	19	26	0.328	-0.313	25.438	18.75
g	510	682	566	17	31	1.031	-2.094	28.594	18.75
g	511	722	566	15	28	2.125	-2.094	25.438	18.75
g	536	762	566	15	32	2.016	-8.875	22.5	18.75
g	537	802	566	14	26	2.438	-8.875	16.875	18.75
g	538	842	566	17	32	1.25	-8.875	22.188	18.75
g	539	882	566	16	31	1.094	-8.875	21.563	18.75
g	542	922	566	15	29	2.188	0	28.75	18.75
g	543	962	566	18	30	-1.125	0	30	18.75
g	562	1002	566	18	28	0.391	0	27.625	18.75
g	563	1042	566	17	30	0.859	-7.5	22.438	18.75
g	567	1082	566	12	25	2.656	-7.5	16.563	18.75
g	570	2	613	18	32	0.703	-5.156	26.813	18.75
g	571	42	613	17	32	1.344	-5.156	26.813	18.75
g	573	82	613	18	23	-0.313	0	22.188	18.75
g	574	122	613	17	33	1.25	-5.469	26.813	18.75
g	581	162	613	18	23	0.703	0	22.188	18.75
g	593	202	613	17	18	1.188	-0.313	16.875	18.75
g	596	242	613	15	18	2.063	-0.313	16.875	18.75
g	598	282	613	20	31	1.5	-7.328	23.438	18.75
g	601	322	613	15	18	2.125	-0.313	16.875	18.75
g	603	362	613	14	18	2.594	-0.313	16.875	18.75
g	610	402	613	17	18	1.328	-0.234	17.094	18.75
g	611	442	613	17	24	1.25	-7.219	16.563	18.75
g	617	482	613	15	17	2.031	-0.313	16.563	18.75
g	618	522	613	14	17	2.625	0	16.563	18.75
g	619	562	613	16	24	1.172	-0.313	23.438	18.75
g	620	602	613	17	24	-0.078	-0.313	23.438	18.75
g	626	642	613	18	25	-1.797	-7.328	16.875	18.75
g	643	682	613	17	32	1.688	-7.453	23.75	18.75
g	650	722	613	16	17	1.5	-0.234	16.547	18.75
g	651	762	613	14	17	2.438	-0.313	16.563	18.75
g	652	802	613	16	17	1.484	0	16.563	18.75
g	658	842	613	16	24	1.234	-7.188	16.422	18.75
g	660	882	613	14	24	1.969	0	23.75	18.75
g	661	922	613	14	24	2.875	0	23.75	18.75
g	671	962	613	15	17	2.484	0	16.859	18.75
g	679	1002	613	20	30	0.156	-7.453	22.5	18.75
g	695	1042	613	12	10	3.594	12.344	22.188	18.75
g	696	1082	613	12	15	3.938	7.875	22.188	18.75
g	699	2	660	7	12	6.25	11.953	23.672	18.75
g	700	42	660	7	12	6.344	10.469	22.188	18.75
g	704	82	660	11	13	3.703	12.344	24.5	18.75
g	710	122	660	11	6	4.281	19.5	25.438	18.75
g	711	162	660	11	6	4.281	18.906	24.844	18.75
g	713	202	660	14	3	2.656	19.5	22.438	18.75
g	720	242	660	7	17	6.25	0	16.563	18.75
g	728	282	660	11	6	3.922	19.344	25.047	18.75
g	729	322	660	5	5	7.281	19.344	23.531	18.75
g	730	362	660	8	7	5.656	18.719	25.469	18.75
g	731	402	660	6	8	5.969	-6.625	0.5	18.75
g	732	442	660	12	6	3.75	19.625	25	18.75
g	733	482	660	12	6	3.891	19.5	25.438	18.75
g	768	522	660	6	6	5.922	19.5	25.438	0
g	769	562	660	6	6	6.859	19.5	25.438	0
g	770	602	660	11	6	4.281	19.5	25.438	0
g	771	642	660	12	6	3.75	19.625	25	0
g	772	682	660	14	3	2.656	19.5	22.438	0
g	774	722	660	11	6	3.922	19.344	25.047	0
g	775	762	660	5	5	7.281	19.344	23.531	0
g	776	802	660	11	5	4	19.344	23.531	0
g	777	842	660	7	7	5.563	19.5	26.438	0
g	778	882	660	8	7	5.656	18.719	25.469	0
g	779	922	660	12	6	3.891	19.5	25.438	0
g	780	962	660	11	6	4.281	18.906	24.844	0
g	786	1002	660	5	8	6.516	18.766	25.859	0
g	787	1042	660	5	8	8.016	18.156	25.25	0
g	789	1082	660	5	8	8.016	18.156	25.25	0
g	795	2	707	8	7	6.109	13.984	20.984	0
g	803	42	707	5	5	7.281	-6.563	-2.375	0
g	805	82	707	8	7	5.656	-7.813	-1.063	0
g	806	122	707	5	8	7.156	-8.875	-1.781	0
g	807	162	707	6	8	6.469	-7.5	0.094	0
g	808	202	707	6	8	5.969	-6.625	0.5	0
g	817	242	707	14	3	2.656	-6.188	-3.25	0
g	818	282	707	21	3	-0.781	-6.188	-3.25	0
g	832	322	707	6	6	5.922	19.5	25.438	0
g	833	362	707	6	6	6.859	19.5	25.438	0
g	834	402	707	12	6	3.75	19.625	25	0
g	884	442	707	7	12	6.344	10.469	22.188	18.75
g	885	482	707	5	11	6.438	-6.813	3.969	18.75
g	894	522	707	6	24	6.438	-6.813	16.875	18.75
g	900	562	707	6	6	6.859	19.5	25.438	18.75
g	901	602	707	15	7	2.125	19.344	25.438	18.75
g	902	642	707	19	23	-0.016	0	22.188	18.75
g	903	682	707	5	5	7.063	12.25	16.875	18.75
g	904	722	707	18	23	-0.016	0	22.188	18.75
g	905	762	707	17	23	-0.016	0	22.188	18.75
g	906	802	707	17	23	-0.016	0	22.188	18.75
g	908	842	707	18	23	-0.016	-0.313	22.5	18.75
g	910	882	707	19	23	-0.016	0	22.188	18.75
g	911	922	707	18	23	-0.016	0	22.5	18.75
g	912	962	707	16	26	1.469	-0.313	25.438	18.75
g	913	1002	707	18	23	0.703	0	22.188	18.75
g	914	1042	707	16	23	2.5	0	22.188	18.75
g	915	1082	707	15	23	2.813	0	22.188	18.75
g	916	2	754	18	23	0.703	0	22.188	18.75
g	917	42	754	15	23	2.5	0	22.188	18.75
g	918	82	754	15	23	2.344	0	22.188	18.75
g	919	122	754	15	23	2.188	0	22.188	18.75
g	920	162	754	17	23	1.188	-0.313	22.5	18.75
g	921	202	754	14	23	2.625	0	22.188	18.75
g	922	242	754	16	23	2.344	0	22.188	18.75
g	923	282	754	18	23	0.703	0	22.188	18.75
g	924	322	754	15	23	2	0	22.188	18.75
g	925	362	754	15	23	2.313	0	22.188	18.75
g	926	402	754	16	23	1.563	0	22.188	18.75
g	927	442	754	17	23	1.188	-0.313	22.5	18.75
g	928	482	754	15	23	2.188	0	22.188	18.75
g	929	522	754	15	23	2.5	0	22.188	18.75
g	931	562	754	15	23	2.344	0	22.188	18.75
g	932	602	754	17	23	1.25	0	22.188	18.75
g	933	642	754	18	23	0.391	0	22.188	18.75
g	934	682	754	17	24	1.031	-0.313	22.813	18.75
g	935	722	754	17	23	1.016	0	22.188	18.75
g	936	762	754	17	23	1.188	0	22.188	18.75
g	937	802	754	17	23	1.188	0	22.5	18.75
g	938	842	754	14	29	2.625	0	28.875	18.75
g	939	882	754	18	29	0.391	0	28.875	18.75
g	940	922	754	17	26	1.188	-0.313	25.438	18.75
g	941	962	754	14	26	2.594	-0.313	25.438	18.75
g	942	1002	754	14	33	2.625	-7.188	25.438	18.75
g	943	1042	754	15	26	2.031	-0.313	25.438	18.75
g	944	1082	754	18	26	0.078	-0.313	25.438	18.75
g	945	2	801	17	18	1.188	-0.313	16.875	18.75
g	946	42	801	15	31	2.5	-7.188	23.75	18.75
g	947	82	801	18	25	0.406	-7.188	17.188	18.75
g	948	122	801	15	25	1.969	-0.313	23.75	18.75
g	949	162	801	14	18	2.594	-0.313	16.875	18.75
g	950	202	801	15	31	2.75	-7.5	23.438	18.75
g	951	242	801	14	25	2.625	-7.188	16.875	18.75
g	952	282	801	15	25	2.125	-0.313	23.75	18.75
g	953	322	801	15	17	2.031	-0.313	16.563	18.75
g	954	362	801	16	17	2.469	0	16.875	18.75
g	955	402	801	18	25	1.047	-0.313	23.75	18.75
g	956	442	801	16	24	2.359	-7.188	16.563	18.75
g	957	482	801	18	17	0.094	0	16.875	18.75
g	958	522	801	15	31	2.219	-7.5	23.438	18.75
g	959	562	801	15	18	2.125	-0.313	16.875	18.75
g	960	602	801	17	17	0.938	-0.313	16.563	18.75
g	961	642	801	15	25	2.625	-7.188	16.875	18.75
g	962	682	801	16	25	2.125	-7.5	16.875	18.75
g	963	722	801	16	17	1.656	-0.313	16.563	18.75
g	964	762	801	15	17	1.719	-0.313	16.563	18.75
g	965	802	801	17	17	0.078	-0.313	16.563	18.75
g	966	842	801	17	31	1.344	-7.188	23.438	18.75
g	967	882	801	17	25	0.891	-7.5	16.875	18.75
g	968	922	801	16	31	1.656	-7.188	23.438	18.75
g	969	962	801	16	17	1.656	-0.313	16.563	18.75
g	970	1002	801	15	24	2.031	-0.313	23.531	18.75
g	971	1042	801	17	24	0.078	-0.313	23.531	18.75
g	972	1082	801	15	26	2.125	-0.313	25.438	18.75
g	973	2	848	17	26	0.078	-0.313	25.438	18.75
g	974	42	848	16	26	1.656	-0.313	25.438	18.75
g	975	82	848	16	29	2.344	-6.172	22.188	18.75
g	983	122	848	15	24	2.469	-6.172	16.875	18.75
g	1024	162	848	15	29	2.5	0	28.594	18.75
g	1025	202	848	15	29	2.5	0	28.875	18.75
g	1026	242	848	18	23	-0.156	0	22.188	18.75
g	1027	282	848	15	29	2.813	0	28.594	18.75
g	1028	322	848	17	23	1.5	-0.313	22.5	18.75
g	1029	362	848	15	23	2.016	-0.313	22.5	18.75
g	1030	402	848	14	23	2.625	0	22.188	18.75
g	1031	442	848	14	29	2.625	0	28.875	18.75
g	1032	482	848	16	23	1.344	-0.313	22.188	18.75
g	1033	522	848	17	23	0.828	0	22.188	18.75
g	1034	562	848	16	23	2	0	22.188	18.75
g	1035	602	848	17	23	0.313	0	22.188	18.75
g	1036	642	848	16	29	2.188	-0.078	28.594	18.75
g	1037	682	848	15	29	2.313	0	28.594	18.75
g	1038	722	848	17	30	1.344	0	29.063	18.75
g	1039	762	848	15	27	2.188	-4.531	22.188	18.75
g	1040	802	848	18	23	0.703	0	22.188	18.75
g	1041	842	848	15	23	2.5	0	22.188	18.75
g	1042	882	848	16	23	2.5	0	22.188	18.75
g	1043	922	848	15	23	2.813	0	22.188	18.75
g	1044	962	848	18	27	0.469	-4.531	22.188	18.75
g	1045	1002	848	15	23	2.5	0	22.188	18.75
g	1046	1042	848	18	23	0.422	-0.078	22.266	18.75
g	1047	1082	848	16	23	1	-0.313	22.5	18.75
g	1048	2	895	15	23	2.313	0	22.188	18.75
g	1049	42	895	15	30	2.313	0	29.063	18.75
g	1050	82	895	16	23	2.188	-0.078	22.266	18.75
g	1051	122	895	16	23	0.578	0	22.188	18.75
g	1052	162	895	15	23	2	0	22.188	18.75
g	1053	202	895	15	23	2.188	0	22.188	18.75
g	1054	242	895	17	23	1.188	-0.313	22.5	18.75
g	1055	282	895	15	23	2.188	0	22.188	18.75
g	1056	322	895	15	23	2.5	0	22.188	18.75
g	1057	362	895	17	23	1.344	-0.313	22.5	18.75
g	1058	402	895	17	23	1.25	0	22.188	18.75
g	1059	442	895	17	23	1.344	0	22.188	18.75
g	1060	482	895	17	24	1.031	-0.313	22.813	18.75
g	1061	522	895	17	23	1.016	0	22.188	18.75
g	1062	562	895	16	27	2.188	-4.531	22.188	18.75
g	1063	602	895	15	23	1.406	0	22.188	18.75
g	1064	642	895	15	23	2	0	22.188	18.75
g	1065	682	895	17	27	2	-4.531	22.188	18.75
g	1066	722	895	18	23	-0.156	0	22.188	18.75
g	1067	762	895	15	23	2	0	22.188	18.75
g	1068	802	895	16	23	2.188	0	22.188	18.75
g	1069	842	895	17	23	0.266	-0.313	22.5	18.75
g	1070	882	895	17	23	1.25	-0.313	22.5	18.75
g	1071	922	895	16	23	1.125	-0.078	22.188	18.75
g	1072	962	895	17	18	1.5	-0.313	16.719	18.75
g	1073	1002	895	15	24	2.031	-0.313	23.641	18.75
g	1074	1042	895	15	17	2.781	0	16.563	18.75
g	1075	1082	895	12	17	4.156	0	16.563	18.75
g	1076	2	942	18	21	0.625	-4.219	16.563	18.75
g	1077	42	942	15	18	1.969	-0.313	16.875	18.75
g	1078	82	942	18	17	0.578	-0.156	16.719	18.75
g	1079	122	942	15	18	1.797	-0.313	16.875	18.75
g	1080	162	942	14	17	2.625	0	16.563	18.75
g	1081	202	942	14	26	2.625	0	25.047	18.75
g	1082	242	942	15	17	2.469	-0.078	16.641	18.75
g	1083	282	942	16	17	0.984	0	16.563	18.75
g	1084	322	942	15	17	2	0	16.563	18.75
g	1085	362	942	14	17	2.625	0	16.563	18.75
g	1086	402	942	15	18	2.125	-0.313	16.875	18.75
g	1087	442	942	14	17	2.625	0	16.563	18.75
g	1088	482	942	15	25	2.625	-7.188	16.875	18.75
g	1089	522	942	16	18	2.125	-0.313	16.875	18.75
g	1090	562	942	16	17	1.406	0	16.563	18.75
g	1091	602	942	17	25	0.859	-7.5	16.563	18.75
g	1092	642	942	18	31	0.703	-6.875	23.438	18.75
g	1093	682	942	16	17	1.656	0	16.563	18.75
g	1094	722	942	16	21	2.188	-4.219	16.563	18.75
g	1095	762	942	15	17	1.844	0	16.563	18.75
g	1096	802	942	16	17	1.75	0	16.563	18.75
g	1097	842	942	17	21	1.75	-4.219	16.563	18.75
g	1098	882	942	18	17	0	0	16.563	18.75
g	1099	922	942	16	17	1.75	0	16.563	18.75
g	1100	962	942	15	17	2.938	0	16.563	18.75
g	1101	1002	942	15	18	2.063	-0.313	16.875	18.75
g	1102	1042	942	16	18	1.719	-0.313	16.875	18.75
g	1103	1082	942	15	17	1.969	-0.078	16.563	18.75
g	1104	2	989	15	26	1.969	-0.313	25.438	18.75
g	1105	42	989	15	24	1.969	-0.313	23.531	18.75
g	1106	82	989	17	31	0	-7.5	23.438	18.75
g	1107	122	989	12	26	4.156	0	25.438	18.75
g	1108	162	989	16	18	2.125	-0.313	16.875	18.75
g	1109	202	989	14	18	2.438	-0.313	16.875	18.75
g	1110	242	989	15	24	2.5	0	23.813	18.75
g	1111	282	989	15	24	2.5	0	23.531	18.75
g	1112	322	989	12	32	2.656	-7.5	23.813	18.75
g	1113	362	989	18	17	0.984	0	16.563	18.75
g	1114	402	989	17	17	1.375	0	16.563	18.75
g	1115	442	989	17	24	0	0	23.438	18.75
g	1116	482	989	15	26	2.469	-0.078	25.438	18.75
g	1117	522	989	14	26	2.625	0	25.438	18.75
g	1118	562	989	17	33	0.859	-7.5	25.047	18.75
g	1119	602	989	14	21	2.703	-4.219	16.563	18.75
g	1168	642	989	15	28	2.813	0	27.031	18.75
g	1169	682	989	13	21	4.156	0	20.625	18.75
g	1170	722	989	18	23	-0.063	0	22.188	18.75
g	1171	762	989	16	17	0.875	0	16.563	18.75
g	1174	802	989	19	27	0.422	-4.531	22.266	18.75
g	1175	842	989	18	21	0.734	-4.219	16.641	18.75
g	1178	882	989	16	27	2.188	-4.531	22.266	18.75
g	1179	922	989	16	21	2.469	-4.219	16.641	18.75
g	1186	962	989	16	27	2.188	-4.531	22.188	18.75
g	1187	1002	989	16	21	2.625	-4.219	16.563	18.75
g	1198	1042	989	18	23	0.391	0	22.188	18.75
g	1199	1082	989	17	24	1.25	-7.188	16.563	18.75
g	1200	2	1036	18	23	0.391	0	22.188	18.75
g	1201	42	1036	17	24	1.25	-7.188	16.563	18.75
g	1202	82	1036	18	27	1.016	-4.531	22.188	18.75
g	1203	122	1036	17	21	1.656	-4.219	16.563	18.75
g	1206	162	1036	17	27	1.406	-4.531	22.188	18.75
g	1207	202	1036	17	21	1.844	-4.219	16.563	18.75
g	1210	242	1036	15	23	2.188	0	22.188	18.75
g	1211	282	1036	14	24	2.625	0	23.438	18.75
g	1216	322	1036	14	23	2.625	0	22.188	18.75
g	1231	362	1036	15	17	2.5	0	16.563	18.75
g	1240	402	1036	17	23	1.188	-0.313	22.5	18.75
g	1241	442	1036	15	18	2.125	-0.313	16.875	18.75
g	1250	482	1036	15	28	2.313	0	27.625	18.75
g	1251	522	1036	14	23	2.625	0	22.438	18.75
g	1256	562	1036	17	23	1.188	-0.313	22.5	18.75
g	1257	602	1036	15	18	2.125	-0.313	16.875	18.75
g	1262	642	1036	17	28	1.344	0	27.625	18.75
g	1263	682	1036	17	30	0.859	-7.5	22.438	18.75
g	1463	722	1036	31	25	1.172	-5.016	19.297	18.75
g	1464	762	1036	31	27	1.172	-7.281	19.297	18.75
g	1465	802	1036	3	3	7.953	21.547	24.375	0
g	1466	842	1036	3	3	7.953	21.547	24.375	0
g	1468	882	1036	29	17	1.172	2.891	19.297	18.75
g	1470	922	1036	12	4	3.797	15.609	18.75	18.75
g	1472	962	1036	4	24	7.828	0	23.438	18.75
g	1473	1002	1036	29	22	1.172	2.891	24.375	18.75
g	1474	1042	1036	29	22	1.172	2.891	24.375	18.75
g	1479	1082	1036	17	27	1.156	-7.281	19.297	18.75
g	1488	2	1083	16	19	1.125	0	18.75	18.75
g	1489	42	1083	16	20	1.797	0	19.578	18.75
g	1490	82	1083	12	20	2.484	-0.281	18.75	18.75
g	1491	122	1083	16	19	1.141	0	18.75	18.75
g	1492	162	1083	15	20	1.891	0	19.578	18.75
g	1493	202	1083	10	19	2.813	0	18.75	18.75
g	1494	242	1083	12	19	2.781	0	18.75	18.75
g	1495	282	1083	15	20	1.703	0	19.578	18.75
g	1496	322	1083	14	20	2.156	-0.313	18.75	18.75
g	1497	362	1083	11	12	2.5	7.438	18.75	18.75
g	1498	402	1083	15	27	0.703	-7.188	19.578	18.75
g	1499	442	1083	13	20	2.078	0	19.578	18.75
g	1500	482	1083	14	24	1.969	-0.297	23.438	18.75
g	1501	522	1083	15	20	1.438	0	19.578	18.75
g	1502	562	1083	17	19	0.406	0	18.844	18.75
g	1503	602	1083	10	26	3.094	-7.188	18.75	18.75
g	1504	642	1083	12	19	2.313	0	18.75	18.75
g	1505	682	1083	14	20	2.063	-0.297	19.578	18.75
g	1506	722	1083	15	19	1.688	0	18.75	18.75
g	1507	762	1083	14	26	1.781	-7.188	18.75	18.75
g	1508	802	1083	14	19	2.063	0	18.75	18.75
g	1509	842	1083	15	26	1.391	-7.188	18.75	18.75
g	1510	882	1083	15	19	1.391	0	18.75	18.75
g	1511	922	1083	14	26	2.359	-7.188	18.75	18.75
g	1512	962	1083	15	20	0.422	0	19.578	18.75
g	1513	1002	1083	14	20	2.109	-0.297	18.75	18.75
g	1514	1042	1083	17	19	0.422	0	18.75	18.75
g	1523	1082	1083	8	11	5.984	11.406	22.188	18.75
g	1524	2	1130	15	11	2.516	11.406	22.188	18.75
g	1536	42	1130	18	6	0.703	-4.172	1.75	18.75
g	1537	82	1130	18	5	0.365	-6	-1.484	18.75
g	1538	122	1130	17	7	0.797	-4.203	2.016	18.75
g	1539	162	1130	18	8	0.453	-4.25	3.125	18.75
g	1540	202	1130	18	9	0.344	-0.156	8.219	18.75
g	1541	242	1130	19	5	0.203	7.109	11.516	18.75
g	1542	282	1130	18	24	0.938	0	23.109	18.75
g	1543	322	1130	18	24	0.938	0	23.203	18.75
g	1544	362	1130	23	19	-2.625	-6.922	11.219	18.75
g	1545	402	1130	17	23	1.281	-0.313	22.5	18.75
g	1547	442	1130	16	31	-0.281	-8.234	21.781	18.75
g	1548	482	1130	5	9	7.094	-0.094	8.906	18.75
g	1549	522	1130	11	17	4.125	0	16.563	18.75
g	1550	562	1130	18	10	0.828	-0.094	8.922	18.75
g	1551	602	1130	18	26	0.781	-11	14.906	18.75
g	1563	642	1130	5	18	7.047	-0.313	16.859	18.75
g	1566	682	1130	14	14	2.813	13.875	26.938	18.75
g	1567	722	1130	12	23	3.938	-0.313	22.5	18.75
g	1568	762	1130	18	25	0.516	-11.531	12.703	18.75
g	1569	802	1130	10	12	5.172	-0.328	10.797	18.75
g	1570	842	1130	10	24	4.281	0	23.375	18.75
g	1571	882	1130	7	27	5.875	0	26.438	18.75
g	1572	922	1130	14	28	2.484	-7.5	19.656	18.75
g	1573	962	1130	7	32	6.266	-8.875	22.188	18.75
g	1574	1002	1130	19	21	-0.438	-5.563	14.5	18.75
g	1575	1042	1130	4	23	7.547	0	22.188	18.75
g	1576	1082	1130	19	18	0.141	-6.703	11.141	18.75
g	1577	2	1177	13	21	3.234	-0.094	20.313	18.75
g	1578	42	1177	19	16	0.141	-0.094	15.391	18.75
g	1579	82	1177	19	20	0.141	-0.094	19.25	18.75
g	1580	122	1177	18	24	0.516	-9.984	13.531	18.75
g	1581	162	1177	18	24	0.516	-9.984	13.531	18.75
g	1582	202	1177	18	31	0.516	-9.984	20.25	18.75
g	1583	242	1177	13	16	2.797	-0.078	15.344	18.75
g	1584	282	1177	13	23	2.797	-0.078	22.281	18.75
g	1585	322	1177	14	18	2.563	-7.359	9.672	18.75
g	1586	362	1177	14	24	2.563	-7.359	16.359	18.75
g	1587	402	1177	18	16	0.141	-5.578	10.063	18.75
g	1588	442	1177	18	26	0.141	-5.578	20.344	18.75
g	1589	482	1177	19	19	0.141	-5.578	13.063	18.75
g	1590	522	1177	19	26	0.141	-5.578	20.422	18.75
g	1591	562	1177	18	23	0.031	-0.094	22.188	18.75
g	1592	602	1177	18	23	0.031	-0.094	22.188	18.75
g	1593	642	1177	17	25	0.828	-9.984	14.906	18.75
g	1594	682	1177	17	32	0.828	-9.984	21.719	18.75
g	1595	722	1177	20	25	0.016	-0.125	24.094	18.75
g	1596	762	1177	20	33	0.016	-9.906	22.547	18.75
g	1597	802	1177	18	20	0.516	-5.563	13.797	18.75
g	1598	842	1177	19	19	-0.813	-5.563	12.703	18.75
g	1599	882	1177	19	22	-0.813	-5.563	16.172	18.75
g	1600	922	1177	21	4	-0.203	-0.094	3.219	18.75
g	1601	962	1177	19	22	0.156	-0.094	21.781	18.75
g	1602	1002	1177	18	25	0.453	-6.922	17.438	18.75
g	1603	1042	1177	18	23	0.188	-0.125	22.188	18.75
g	1604	1082	1177	16	28	1.063	-5.578	22.188	18.75
g	1605	2	1224	15	22	1.948	-10.219	11.547	18.75
g	1606	42	1224	17	21	1.172	-5.578	14.766	18.75
g	1607	82	1224	13	15	3.234	-0.094	14.219	18.75
g	1608	122	1224	14	19	2.484	-7.5	11.219	18.75
g	1609	162	1224	18	19	0.516	-5.563	12.703	18.75
g	1610	202	1224	18	25	0.516	-11.328	12.703	18.75
g	1611	242	1224	9	8	5.156	19.703	27.047	0
g	1612	282	1224	10	8	4.297	17.297	24.641	0
g	1613	322	1224	9	8	5.156	-8.406	-1.063	0
g	1614	362	1224	9	5	5.156	19.703	23.922	0
g	1615	402	1224	8	8	5.156	17.234	24.641	0
g	1616	442	1224	9	5	5.203	-4.797	-0.578	0
g	1617	482	1224	8	6	5.688	17.844	23.719	0
g	1618	522	1224	6	6	6.625	17.688	23.281	0
g	1619	562	1224	10	4	4.531	18.484	22.109	0
g	1620	602	1224	7	8	6.391	17.781	24.875	0
g	1621	642	1224	7	8	6.172	-8.469	-1.375	0
g	1622	682	1224	4	7	8.25	-7.859	-1.281	0
g	1624	722	1224	6	6	6.469	17.719	22.984	0
g	1626	762	1224	17	17	1.156	2.891	19.297	18.75
g	1627	802	1224	17	17	1.156	2.891	19.297	18.75
g	1631	842	1224	17	28	1.156	-8.375	19.297	18.75
g	1632	882	1224	7	7	6.016	4.328	11.109	18.75
g	1633	922	1224	8	23	5.234	0	22.531	18.75
g	1634	962	1224	15	23	2.156	0	22.531	18.75
g	1635	1002	1224	17	23	0.875	0	22.5	18.75
g	1636	1042	1224	13	23	3.516	-0.094	22.484	18.75
g	1637	1082	1224	14	17	2.5	-0.094	16.719	18.75
g	1638	2	1271	15	23	1.703	0	22.188	18.75
g	1639	42	1271	18	23	0.688	0	22.5	18.75
g	1640	82	1271	18	23	0.75	-0.156	22.344	18.75
g	1641	122	1271	16	23	2.266	-0.156	22.5	18.75
g	1642	162	1271	15	23	1.875	-0.313	22.5	18.75
g	1643	202	1271	6	10	6.703	-4.75	4.719	18.75
g	1644	242	1271	6	10	6.703	-4.75	4.328	18.75
g	1645	282	1271	10	9	4.781	6.156	15.125	18.75
g	1646	322	1271	19	12	0.141	-0.094	11.141	18.75
g	1647	362	1271	18	19	0.453	-6.922	11.219	18.75
g	1648	402	1271	4	7	7.781	9.078	15.656	0
g	1649	442	1271	11	26	3.625	0	25.625	18.75
g	1650	482	1271	10	27	3.938	0	26.5	18.75
g	1651	522	1271	10	31	3.719	-8.781	22.188	18.75
g	1652	562	1271	7	8	6.375	17.781	24.875	0
g	1653	602	1271	11	25	7.547	0	24.109	18.75
g	1654	642	1271	17	28	2.484	-7.5	19.563	18.75
g	1655	682	1271	15	27	2.484	-7.5	19.031	18.75
g	1656	722	1271	21	27	0.516	-5.563	20.906	18.75
g	1657	762	1271	19	22	0.141	-0.094	21.516	18.75
g	1658	802	1271	19	20	0.141	-0.094	18.953	18.75
g	1659	842	1271	19	22	0.141	-10.188	11.141	18.75
g	1660	882	1271	19	20	0.141	-3.688	15.391	18.75
g	1661	922	1271	19	20	0.141	-0.094	19.234	18.75
g	1662	962	1271	19	22	0.141	-9.906	11.141	18.75
g	1663	1002	1271	19	19	0.141	-0.094	18.266	18.75
g	1664	1042	1271	19	22	0.141	-10.016	11.141	18.75
g	1665	1082	1271	18	32	0.516	-9.984	21.75	18.75
g	1666	2	1318	18	34	0.516	-9.984	23.313	18.75
g	1667	42	1318	18	24	0.516	-9.984	13.531	18.75
g	1668	82	1318	18	24	0.516	-9.984	13.531	18.75
g	1669	122	1318	18	34	0.516	-9.984	23.609	18.75
g	1670	162	1318	18	24	0.516	-9.984	13.531	18.75
g	1671	202	1318	18	24	0.516	-9.984	13.531	18.75
g	1672	242	1318	13	27	2.797	-0.078	26.344	18.75
g	1673	282	1318	13	20	2.797	-3.813	15.344	18.75
g	1674	322	1318	13	23	2.797	-6.703	15.344	18.75
g	1675	362	1318	13	34	2.797	-6.703	26.344	18.75
g	1676	402	1318	13	22	2.797	-0.078	21.781	18.75
g	1677	442	1318	13	22	2.797	-6.641	15.344	18.75
g	1678	482	1318	13	26	2.797	-0.078	25.641	18.75
g	1679	522	1318	13	26	2.797	-0.078	25.625	18.75
g	1680	562	1318	13	25	2.797	-0.078	24.656	18.75
g	1681	602	1318	14	28	2.563	-7.359	20.422	18.75
g	1682	642	1318	14	24	2.563	-7.359	16.156	18.75
g	1683	682	1318	14	20	2.563	-10.297	9.672	18.75
g	1684	722	1318	14	23	2.563	-12.766	9.672	18.75
g	1685	762	1318	14	23	2.563	-12.641	9.672	18.75
g	1686	802	1318	14	23	2.813	-12.766	9.672	18.75
g	1687	842	1318	14	24	2.563	-7.359	15.859	18.75
g	1688	882	1318	14	28	2.563	-7.359	19.719	18.75
g	1689	922	1318	14	27	2.563	-7.359	18.734	18.75
g	1690	962	1318	18	24	0.141	-6.703	16.984	18.75
g	1691	1002	1318	18	20	0.141	-9.906	10.063	18.75
g	1692	1042	1318	18	31	0.141	-9.906	20.344	18.75
g	1693	1082	1318	19	20	0.141	-6.641	13.063	18.75
g	1694	2	1365	19	30	0.141	-5.578	23.781	18.75
g	1695	42	1365	18	24	0.031	-0.094	23.313	18.75
g	1696	82	1365	17	36	0.828	-9.984	25.078	18.75
g	1697	122	1365	19	16	0.156	-0.094	15.063	18.75
g	1698	162	1365	19	22	0.156	-6.703	15.063	18.75
g	1699	202	1365	19	29	0.156	-6.703	21.781	18.75
g	1700	242	1365	19	26	0.156	-0.094	25.141	18.75
g	1701	282	1365	19	25	0.156	-9.906	15.063	18.75
g	1702	322	1365	19	25	0.156	-0.094	24.156	18.75
g	1703	362	1365	18	25	0.453	-6.922	17.938	18.75
g	1704	402	1365	18	29	0.453	-6.922	21.297	18.75
g	1705	442	1365	20	23	0.016	-0.125	22.547	18.75
g	1706	482	1365	19	18	0.188	-0.125	17.844	18.75
g	1707	522	1365	20	23	0.016	-0.125	22.547	18.75
g	1708	562	1365	18	23	0.188	-0.125	22.188	18.75
g	1709	602	1365	18	24	0.188	-0.125	23.125	18.75
g	1710	642	1365	18	33	0.188	-9.906	22.188	18.75
g	1711	682	1365	20	27	0.016	-0.125	25.938	18.75
g	1712	722	1365	20	27	0.016	-0.125	25.938	18.75
g	1713	762	1365	20	28	0.016	-0.125	27.766	18.75
g	1714	802	1365	20	33	0.016	-6.641	25.938	18.75
g	1715	842	1365	20	37	0.016	-10.188	25.938	18.75
g	1716	882	1365	20	30	0.016	-0.125	28.938	18.75
g	1717	922	1365	18	35	1.063	-5.578	28.844	18.75
g	1718	962	1365	17	35	1.063	-5.578	29.047	18.75
g	1719	1002	1365	18	38	1.063	-5.578	31.453	18.75
g	1720	1042	1365	16	37	1.063	-14.188	22.188	18.75
g	1721	1082	1365	17	27	1.172	-11.25	14.766	18.75
g	1722	2	1412	17	15	1.172	-5.578	9.25	18.75
g	1723	42	1412	17	25	1.172	-5.578	18.828	18.75
g	1724	82	1412	17	24	1.172	-9.234	14.766	18.75
g	1725	122	1412	17	24	1.172	-5.578	18.125	18.75
g	1726	162	1412	18	15	0.031	-0.094	14.125	18.75
g	1727	202	1412	18	31	0.516	-9.984	20.25	18.75
g	1728	242	1412	13	23	3.234	-0.094	22.313	18.75
g	1729	282	1412	13	15	3.234	-0.094	14.219	18.75
g	1730	322	1412	13	23	3.234	-0.094	22.313	18.75
g	1731	362	1412	13	21	3.234	-0.094	20.313	18.75
g	1732	402	1412	14	19	2.484	-7.5	11.219	18.75
g	1733	442	1412	14	19	2.484	-7.5	11.219	18.75
g	1734	482	1412	14	26	2.484	-7.5	17.953	18.75
g	1735	522	1412	14	27	2.484	-7.5	19.5	18.75
g	1736	562	1412	14	29	2.484	-7.5	21.219	18.75
g	1737	602	1412	14	26	2.484	-7.5	17.797	18.75
g	1738	642	1412	14	26	2.484	-7.5	17.656	18.75
g	1739	682	1412	14	30	2.484	-7.5	21.516	18.75
g	1740	722	1412	18	19	0.516	-5.563	12.703	18.75
g	1741	762	1412	21	19	-2.563	-5.563	12.703	18.75
g	1742	802	1412	18	20	0.516	-5.563	13.891	18.75
g	1743	842	1412	14	26	2.484	-7.5	18.156	18.75
g	1744	882	1412	18	28	0.516	-14.484	12.703	18.75
g	1745	922	1412	18	28	0.516	-14.594	12.703	18.75
g	1746	962	1412	19	12	0.281	-0.094	11.703	18.75
g	1747	1002	1412	19	20	0.281	-0.094	19.813	18.75
g	1748	1042	1412	8	3	5.641	0	2.578	18.75
g	1749	1082	1412	13	15	3.234	-0.094	14.219	18.75
g	1757	2	1459	19	19	0.219	-5.141	13.156	18.75
g	1758	42	1459	18	18	0.375	-3.75	14.25	18.75
g	1762	82	1459	6	8	7.359	15.75	22.953	0
g	1768	122	1459	6	8	6.469	17.719	25.109	0
g	1774	162	1459	13	22	2.797	-0.078	21.922	18.75
g	1775	202	1459	14	24	2.563	-7.359	16	18.75
g	1776	242	1459	7	7	6.016	4.328	11.109	18.75
g	1777	282	1459	8	23	5.234	0	22.531	18.75
g	1778	322	1459	15	23	2.156	0	22.531	18.75
g	1779	362	1459	17	23	0.875	0	22.5	18.75
g	1780	402	1459	16	23	1.688	0	22.531	18.75
g	1781	442	1459	16	20	1.469	-0.094	19.328	18.75
g	1782	482	1459	15	23	2.141	-0.094	22.484	18.75
g	1783	522	1459	18	23	0.688	0	22.5	18.75
g	1784	562	1459	18	23	0.75	-0.156	22.344	18.75
g	1785	602	1459	16	23	2.266	-0.156	22.5	18.75
g	1786	642	1459	18	28	0.141	-6.703	20.344	18.75
g	1787	682	1459	19	28	0.141	-6.703	20.422	18.75
g	1788	722	1459	17	32	0.828	-9.984	21.719	18.75
g	1789	762	1459	10	18	5.172	-6.922	10.797	18.75
g	1790	802	1459	15	22	1.948	-10.219	11.547	18.75
g	1791	842	1459	18	21	0.031	-0.094	20.297	18.75
g	1872	882	1459	19	18	0.156	-6.203	11.141	18.75
g	1873	922	1459	19	26	0.156	-6.703	19.25	18.75
g	1874	962	1459	19	22	0.156	-10.156	11.141	18.75
g	1875	1002	1459	19	26	0.156	-10.156	15.391	18.75
g	1876	1042	1459	19	23	0.156	-6.641	15.891	18.75
g	1877	1082	1459	19	18	0.156	-6.438	11.141	18.75
g	1878	2	1506	19	16	0.156	-0.094	15.688	18.75
g	1879	42	1506	18	30	0.531	-9.984	19.75	18.75
g	1880	82	1506	18	24	0.531	-9.984	13.531	18.75
g	1881	122	1506	13	37	2.813	-10.188	26.344	18.75
g	1882	162	1506	13	22	2.813	-6.438	15.344	18.75
g	1883	202	1506	14	18	2.578	-7.359	9.672	18.75
g	1884	242	1506	18	25	0.156	-5.578	19.359	18.75
g	1885	282	1506	17	32	0.844	-9.984	21.219	18.75
g	1886	322	1506	17	36	0.844	-9.984	25.063	18.75
g	1887	362	1506	17	35	0.844	-9.984	24.781	18.75
g	1888	402	1506	19	22	0.172	-6.641	15.063	18.75
g	1889	442	1506	19	26	0.172	-10.063	15.063	18.75
g	1890	482	1506	20	25	0.031	-0.125	23.984	18.75
g	1891	522	1506	20	27	0.031	-0.125	26.203	18.75
g	1892	562	1506	20	33	0.031	-10.063	22.547	18.75
g	1893	602	1506	15	29	1.964	-10.219	18.688	18.75
g	1894	642	1506	15	22	1.964	-10.219	11.547	18.75
g	1895	682	1506	17	26	1.188	-11.188	14.766	18.75
g	1896	722	1506	17	29	1.188	-5.578	22.734	18.75
g	1897	762	1506	17	26	1.188	-5.578	20.359	18.75
g	1898	802	1506	19	28	1.078	-5.578	22.188	18.75
g	1899	842	1506	14	27	2.578	-7.359	19.422	18.75
g	1900	882	1506	14	26	2.578	-7.359	17.859	18.75
g	1901	922	1506	18	26	0.156	-5.578	20.047	18.75
g	1902	962	1506	18	24	0.531	-9.984	13.531	18.75
g	1903	1002	1506	18	24	0.531	-9.984	13.531	18.75
g	1904	1042	1506	18	30	0.156	-5.578	23.797	18.75
g	1905	1082	1506	14	31	2.578	-7.359	23.172	18.75
g	1906	2	1553	18	35	0.531	-9.984	24.313	18.75
g	1907	42	1553	8	24	3.219	0	23.609	18.75
g	1908	82	1553	8	24	3.5	0	23.594	18.75
g	1909	122	1553	18	21	0.141	-5.563	14.531	18.75
g	1910	162	1553	18	21	0.219	-5.563	14.531	18.75
g	1911	202	1553	18	27	0.531	-13.375	12.703	18.75
g	1912	242	1553	14	28	2.5	-7.5	19.688	18.75
g	1913	282	1553	14	28	2.5	-7.5	19.688	18.75
g	1914	322	1553	19	16	0.297	-0.094	15.734	18.75
g	1915	362	1553	19	16	0.297	-0.094	15.734	18.75
g	1916	402	1553	18	24	0.531	-9.984	13.531	18.75
g	1917	442	1553	18	25	0.156	-5.578	18.563	18.75
g	1918	482	1553	18	23	0.156	-5.578	16.625	18.75
g	1919	522	1553	18	23	0.203	-0.125	22.188	18.75
g	2208	562	1553	19	18	0.156	-6.703	11.141	18.75
g	2209	602	1553	19	25	0.156	-6.703	17.391	18.75
g	2210	642	1553	18	30	0.531	-9.984	19.75	18.75
g	2211	682	1553	18	23	0.047	-0.094	22.188	18.75
g	2212	722	1553	19	32	0.172	-6.703	25.141	18.75
g	2213	762	1553	18	31	0.469	-12.688	17.438	18.75
g	2214	802	1553	19	28	1.078	-5.578	22.188	18.75
g	2215	842	1553	15	33	1.964	-10.219	22.047	18.75
g	2216	882	1553	19	26	-0.422	-11.328	14.5	18.75
g	2217	922	1553	18	25	0.531	-11.328	12.938	18.75
g	2218	962	1553	16	20	1.359	-9.484	9.672	18.75
g	2219	1002	1553	14	19	2.5	-7.5	11.219	18.75
g	2220	1042	1553	20	20	1.359	-6.641	12.828	18.75
g	2222	1082	1553	13	26	2.813	-9.906	15.344	18.75
g	2223	2	1600	19	23	0.156	-9.906	13.063	18.75
g	2224	42	1600	21	23	0.031	-0.125	22.547	18.75
g	2225	82	1600	15	19	5.484	-7.188	11.219	18.75
g	2226	122	1600	14	29	2.578	-7.359	21.547	18.75
g	2227	162	1600	17	25	0.844	-9.984	14.906	18.75
g	2228	202	1600	18	29	0.203	-6.703	22.188	18.75
g	2230	242	1600	19	24	0.156	-6.703	17.188	18.75
g	2231	282	1600	19	28	0.156	-9.906	17.188	18.75
g	2232	322	1600	19	18	0.156	-0.094	16.938	18.75
g	2234	362	1600	18	27	-0.031	-11.328	15.109	18.75
g	2236	402	1600	18	19	0.469	-6.922	11.219	18.75
g	2237	442	1600	17	15	1.188	-5.578	9.25	18.75
g	3647	482	1600	16	33	2.5	-5	27.188	18.75
g	7424	522	1600	18	17	0.719	0	16.859	18.75
g	7611	562	1600	9	10	4.906	12.344	22.188	18.75
g	7615	602	1600	11	13	4.031	12.031	24.5	18.75
g	7716	642	1600	15	29	2.188	-6.563	22.188	18.75
g	7717	682	1600	14	30	2.625	-6.563	23.438	18.75
g	7728	722	1600	16	29	2.344	0	28.594	18.75
g	7730	762	1600	16	29	2.344	-6.563	22.188	18.75
g	7731	802	1600	16	30	2.5	-6.563	23.438	18.75
g	7732	842	1600	16	29	2.344	-6.188	22.188	18.75
g	7733	882	1600	16	30	2.5	-6.188	23.438	18.75
g	7734	922	1600	15	29	2.5	-6.563	22.188	18.75
g	7735	962	1600	16	30	1.531	-6.563	23.438	18.75
g	7738	1002	1600	15	29	2.5	-6.188	22.188	18.75
g	7739	1042	1600	16	30	1.531	-6.188	23.438	18.75
g	7752	1082	1600	15	29	2.313	-6.188	22.188	18.75
g	7753	2	1647	14	24	2.625	-6.188	16.875	18.75
g	7760	42	1647	17	34	1.188	-0.313	33.406	18.75
g	7761	82	1647	15	31	2.125	-0.313	30.688	18.75
g	7762	122	1647	17	34	1.188	-0.313	33.406	18.75
g	7763	162	1647	15	31	2.125	-0.313	30.688	18.75
g	7770	202	1647	16	29	2.188	-6.563	22.188	18.75
g	7771	242	1647	17	24	1.25	-6.563	16.875	18.75
g	7778	282	1647	15	30	2.016	-6.563	22.5	18.75
g	7779	322	1647	14	24	2.438	-6.563	16.875	18.75
g	7790	362	1647	17	29	1.25	-6.188	22.188	18.75
g	7808	402	1647	19	29	0.313	0	28.594	18.75
g	7809	442	1647	17	26	1.094	0	25.438	18.75
g	7810	482	1647	19	29	0.313	0	28.594	18.75
g	7811	522	1647	17	26	1.094	0	25.438	18.75
g	7812	562	1647	19	29	0.313	0	28.875	18.75
g	7813	602	1647	17	24	1.094	0	23.531	18.75
g	7838	642	1647	16	23	2.188	-0.313	22.5	18.75
g	7840	682	1647	18	29	0.703	-6.563	22.188	18.75
g	7841	722	1647	17	24	1.5	-6.563	16.719	18.75
g	7842	762	1647	18	30	0.703	0	29.75	18.75
g	7843	802	1647	17	27	1.5	-0.313	26.438	18.75
g	7844	842	1647	20	33	0.703	0	32.469	18.75
g	7845	882	1647	18	32	1.5	-0.313	30.75	18.75
g	7846	922	1647	18	33	0.703	0	32.469	18.75
g	7847	962	1647	17	32	1.5	-0.313	30.75	18.75
g	7848	1002	1647	18	34	0.703	0	33.625	18.75
g	7849	1042	1647	17	33	1.5	-0.313	31.75	18.75
g	7850	1082	1647	18	36	0.703	0	35.469	18.75
g	7851	2	1694	17	34	1.5	-0.313	33.125	18.75
g	7852	42	1694	18	36	0.703	-6.563	28.75	18.75
g	7853	82	1694	17	32	1.5	-6.563	25.438	18.75
g	7854	122	1694	18	35	0.703	0	34.844	18.75
g	7855	162	1694	17	34	1.5	-0.313	32.938	18.75
g	7856	202	1694	18	35	0.703	0	34.844	18.75
g	7857	242	1694	17	34	1.5	-0.313	32.938	18.75
g	7858	282	1694	18	36	0.703	0	36	18.75
g	7859	322	1694	17	35	1.5	-0.313	33.938	18.75
g	7860	362	1694	18	36	0.703	0	35.781	18.75
g	7861	402	1694	17	33	1.5	-0.313	32.5	18.75
g	7862	442	1694	18	36	0.703	-6.563	29.063	18.75
g	7863	482	1694	17	32	1.5	-6.563	25.047	18.75
g	7864	522	1694	15	29	2.5	-6.563	22.188	18.75
g	7865	562	1694	15	24	1.969	-6.563	16.875	18.75
g	7866	602	1694	15	30	2.5	0	29.75	18.75
g	7867	642	1694	15	27	1.969	-0.313	26.438	18.75
g	7868	682	1694	15	30	2.5	0	29.531	18.75
g	7869	722	1694	15	26	1.969	-0.313	25	18.75
g	7870	762	1694	19	33	2.5	0	32.469	18.75
g	7871	802	1694	18	32	1.969	-0.313	30.75	18.75
g	7872	842	1694	16	33	2.5	0	32.469	18.75
g	7873	882	1694	15	32	1.969	-0.313	30.75	18.75
g	7874	922	1694	17	34	2.5	0	33.625	18.75
g	7875	962	1694	17	33	1.969	-0.313	31.75	18.75
g	7876	1002	1694	15	36	2.5	0	35.469	18.75
g	7877	1042	1694	15	34	1.969	-0.313	33.125	18.75
g	7878	1082	1694	15	36	2.5	-6.563	28.75	18.75
g	7879	2	1741	15	32	1.969	-6.563	25.438	18.75
g	7880	42	1741	14	30	2.625	0	29.75	18.75
g	7881	82	1741	15	27	2.5	0	26.438	18.75
g	7882	122	1741	14	29	2.625	-6.563	22.188	18.75
g	7883	162	1741	15	31	2.5	-6.563	23.813	18.75
g	7884	202	1741	17	30	1.188	-6.563	22.5	18.75
g	7885	242	1741	15	24	2.125	-6.563	16.875	18.75
g	7886	282	1741	17	31	1.188	-0.313	29.75	18.75
g	7887	322	1741	15	27	2.125	-0.313	26.438	18.75
g	7888	362	1741	20	33	1.188	-0.313	32.469	18.75
g	7889	402	1741	18	32	2.125	-0.313	30.75	18.75
g	7890	442	1741	17	33	1.188	-0.313	32.469	18.75
g	7891	482	1741	15	32	2.125	-0.313	30.75	18.75
g	7892	522	1741	18	34	1.188	-0.313	33.625	18.75
g	7893	562	1741	16	33	2.125	-0.313	31.75	18.75
g	7894	602	1741	17	36	1.188	-0.313	35.469	18.75
g	7895	642	1741	15	34	2.125	-0.313	33.125	18.75
g	7896	682	1741	17	36	1.188	-6.563	28.75	18.75
g	7897	722	1741	15	32	2.125	-6.563	25.438	18.75
g	7898	762	1741	19	29	1.188	-0.313	28.594	18.75
g	7899	802	1741	17	26	2.125	-0.313	25.438	18.75
g	7900	842	1741	19	29	1.188	-0.313	28.594	18.75
g	7901	882	1741	17	26	2.125	-0.313	25.438	18.75
g	7902	922	1741	19	31	1.188	-0.313	29.75	18.75
g	7903	962	1741	17	27	2.125	-0.313	26.438	18.75
g	7904	1002	1741	19	30	1.188	-0.313	29.531	18.75
g	7905	1042	1741	17	26	2.125	-0.313	25	18.75
g	7906	1082	1741	19	33	1.188	-6.563	25.828	18.75
g	7907	2	1788	17	28	2.125	-6.563	20.984	18.75
g	7908	42	1788	15	29	2.188	-6.563	22.188	18.75
g	7909	82	1788	16	24	2.281	-6.563	16.563	18.75
g	7910	122	1788	15	31	2.188	-0.313	29.75	18.75
g	7911	162	1788	16	27	2.281	-0.313	26.438	18.75
g	7912	202	1788	19	29	2.188	-0.313	28.594	18.75
g	7913	242	1788	17	26	2.281	-0.313	25.438	18.75
g	7914	282	1788	19	29	2.188	-0.313	28.594	18.75
g	7915	322	1788	17	26	2.281	-0.313	25.438	18.75
g	7916	362	1788	19	31	2.188	-0.313	29.75	18.75
g	7917	402	1788	17	27	2.281	-0.313	26.438	18.75
g	7918	442	1788	19	30	2.188	-0.313	29.531	18.75
g	7919	482	1788	17	26	2.281	-0.313	25	18.75
g	7920	522	1788	19	33	2.188	-6.563	25.828	18.75
g	7921	562	1788	17	28	2.281	-6.563	20.984	18.75
g	7922	602	1788	18	29	0.391	0	28.594	18.75
g	7923	642	1788	17	33	0.859	-7.5	25.438	18.75
g	7924	682	1788	18	29	0.391	-6.563	22.188	18.75
g	7925	722	1788	17	25	0.859	-7.5	16.563	18.75
g	7926	762	1788	18	30	0.391	0	29.75	18.75
g	7927	802	1788	17	34	0.859	-7.5	26.438	18.75
g	7928	842	1788	18	30	0.391	0	29.531	18.75
g	7929	882	1788	17	33	0.859	-7.5	25	18.75
g	8200	922	1788	0	0	0	29.688	29.688	18.75
g	8208	962	1788	16	3	1.563	9.625	12.531	18.75
g	8209	1002	1788	16	3	1.563	9.625	12.531	18.75
g	8211	1042	1788	17	3	1.094	9.625	12.531	18.75
g	8212	1082	1788	18	3	0.625	9.625	12.531	18.75
g	8213	2	1835	18	3	0.625	9.625	12.531	18.75
g	8215	42	1835	16	8	1.563	-7.656	0	18.75
g	8216	82	1835	7	12	6.25	10.781	22.5	18.75
g	8217	122	1835	7	12	6.344	10.469	22.188	18.75
g	8218	162	1835	7	12	6.344	-7.734	3.984	18.75
g	8219	202	1835	7	12	6.344	10.469	22.188	18.75
g	8220	242	1835	14	12	2.703	10.781	22.5	18.75
g	8221	282	1835	14	12	2.703	10.469	22.188	18.75
g	8222	322	1835	14	12	2.703	-7.734	3.984	18.75
g	8224	362	1835	12	19	3.438	4.25	22.5	18.75
g	8225	402	1835	12	19	3.438	4.25	22.5	18.75
g	8226	442	1835	10	10	4.75	6.469	15.719	18.75
g	8228	482	1835	5	5	7.063	-0.313	4.313	18.75
g	8230	522	1835	18	5	0.844	-0.313	4.313	18.75
g	8232	562	1835	0	0	0	29.688	29.688	18.75
g	8240	602	1835	19	23	0.5	-0.313	22.5	18.75
g	8242	642	1835	6	10	6.906	12.188	22.188	18.75
g	8243	682	1835	12	10	3.469	12.188	22.188	18.75
g	8249	722	1835	9	16	4.531	0.391	16.078	18.75
g	8250	762	1835	9	16	5.531	0.391	16.078	18.75
g	8252	802	1835	14	23	2.844	-0.313	22.344	18.75
g	8254	842	1835	16	3	1.563	24.5	27.25	18.75
g	8260	882	1835	16	13	1.391	4.781	17.281	18.75
g	8304	922	1835	10	11	4.484	12.375	22.5	18.75
g	8308	962	1835	9	10	5.109	12.531	22.188	18.75
g	8309	1002	1835	9	10	5.172	12.391	22.188	18.75
g	8310	1042	1835	9	11	5.031	12.391	22.5	18.75
g	8311	1082	1835	9	10	5.109	12.531	22.188	18.75
g	8312	2	1882	9	11	5.063	12.406	22.5	18.75
g	8313	42	1882	9	11	5.031	12.469	22.5	18.75
g	8319	82	1882	10	11	4.625	12.344	22.5	18.75
g	8320	122	1882	10	11	4.484	-0.313	9.813	18.75
g	8321	162	1882	9	10	5.328	-0.031	9.656	18.75
g	8322	202	1882	9	10	5.141	-0.016	9.953	18.75
g	8323	242	1882	8	11	5.375	-0.323	9.797	18.75
g	8324	282	1882	9	10	5.109	0	9.656	18.75
g	8325	322	1882	9	10	5.172	-0.313	9.484	18.75
g	8326	362	1882	9	11	5.031	-0.313	9.797	18.75
g	8327	402	1882	9	10	5.109	0	9.656	18.75
g	8328	442	1882	9	11	5.063	-0.297	9.797	18.75
g	8329	482	1882	9	11	5.031	-0.25	9.781	18.75
g	8352	522	1882	16	23	0.969	0	22.484	18.75
g	8353	562	1882	17	32	1.344	-5.156	26.813	18.75
g	8355	602	1882	18	23	0.469	0	22.188	18.75
g	8356	642	1882	16	23	1.703	0	22.5	18.75
g	8358	682	1882	19	23	0	0	22.188	18.75
g	8359	722	1882	19	23	0	0	22.188	18.75
g	8360	762	1882	18	23	1.25	-0.313	22.188	18.75
g	8361	802	1882	19	23	0	0	22.188	18.75
g	8362	842	1882	17	20	0.766	-0.297	19.578	18.75
g	8363	882	1882	17	29	1.5	-5.156	23.438	18.75
g	8364	922	1882	17	23	1.234	-0.313	22.5	18.75
g	8365	962	1882	19	23	0	0	22.188	18.75
g	8366	1002	1882	17	23	1.25	0	22.188	18.75
g	8369	1042	1882	19	23	0	0	22.188	18.75
g	8370	1082	1882	17	33	1.031	-5	27.188	18.75
g	8372	2	1929	17	23	1.094	-0.313	22.5	18.75
g	8373	42	1929	17	33	1.344	-5	27.188	18.75
g	8376	82	1929	17	23	1.25	0	22.188	18.75
g	8377	122	1929	15	23	2.063	0	22.188	18.75
g	8378	162	1929	16	23	1.875	-0.313	22.188	18.75
g	8380	202	1929	17	23	1.188	0	22.188	18.75
g	8381	242	1929	18	23	0	0	22.188	18.75
g	8382	282	1929	17	25	1.188	0	24.5	18.75
g	8383	322	1929	16	33	2.5	-5	27.188	18.75
g	8453	362	1929	18	23	0.5	-0.313	22.484	18.75
g	8467	402	1929	17	23	0.313	0	22.5	18.75
g	8470	442	1929	18	23	0.906	0	22.188	18.75
g	8471	482	1929	18	22	0.406	0.234	21.953	18.75
g	8478	522	1929	18	27	1.875	-4.063	22.188	18.75
g	8482	562	1929	18	11	0.297	12.094	22.188	18.75
g	8486	602	1929	17	23	1.188	0	22.5	18.75
g	8494	642	1929	17	18	1.25	-0.313	16.875	18.75
g	8539	682	1929	17	23	1.266	-0.297	22.188	18.75
g	8540	722	1929	17	23	1.313	-0.297	22.5	18.75
g	8541	762	1929	17	23	1.109	-0.297	22.188	18.75
g	8542	802	1929	17	23	1.047	-0.297	22.188	18.75
g	8592	842	1929	17	17	1	2.922	19.203	18.75
g	8593	882	1929	17	23	1.234	0	22.5	18.75
g	8594	922	1929	17	17	1.563	2.922	19.203	18.75
g	8595	962	1929	17	23	1.234	-0.313	22.188	18.75
g	8596	1002	1929	17	14	1	4.172	17.953	18.75
g	8597	1042	1929	17	23	1.234	-0.313	22.5	18.75
g	8616	1082	1929	17	26	1.234	-2.906	22.5	18.75
g	8626	2	1976	17	18	1	-0.172	17.625	18.75
g	8673	42	1976	17	23	1.25	0	22.5	18.75
g	8675	82	1976	17	23	1.25	-0.313	22.188	18.75
g	8706	122	1976	16	23	2	-0.313	22.281	18.75
g	8710	162	1976	18	23	0.703	0	22.188	18.75
g	8719	202	1976	17	26	1.25	-3.125	22.188	18.75
g	8721	242	1976	15	26	2.344	-3.125	22.188	18.75
g	8722	282	1976	16	3	1.563	9.625	12.531	18.75
g	8725	322	1976	16	29	1.813	-2.969	25.156	18.75
g	8729	362	1976	10	10	4.75	6.469	15.719	18.75
g	8730	402	1976	17	26	1.344	-3.125	22.188	18.75
g	8734	442	1976	17	12	1.203	5.375	16.719	18.75
g	8735	482	1976	16	17	1.563	0	16.563	18.75
g	8745	522	1976	15	17	2.125	0	16.875	18.75
g	8747	562	1976	16	30	2.5	-7.453	22.5	18.75
g	8758	602	1976	5	18	7.063	2.188	19.375	18.75
g	8776	642	1976	16	16	1.563	3.063	19.063	18.75
g	8800	682	1976	16	23	1.563	0	22.188	18.75
g	8801	722	1976	16	16	1.563	3.531	18.625	18.75
g	8802	762	1976	16	23	1.563	0	22.188	18.75
g	8803	802	1976	16	18	1.563	2.594	19.719	18.75
g	8804	842	1976	15	18	1.813	1.609	18.813	18.75
g	8805	882	1976	15	18	1.969	1.609	18.813	18.75
g	8962	922	1976	16	18	1.563	0	17.844	18.75
g	8976	962	1976	16	9	1.563	5.469	14.109	18.75
g	8992	1002	1976	10	35	7.75	-11.734	22.5	18.75
g	8993	1042	1976	9	43	2.5	-7.453	34.781	18.75
g	9135	1082	1976	22	4	-1.625	9.422	12.672	18.75
g	9166	2	2023	17	19	0.688	-1.109	17.625	18.75
g	9216	42	2023	16	23	1.531	-0.141	22.188	18.75
g	9217	82	2023	16	23	1.328	0	22.328	18.75
g	9218	122	2023	17	23	1.328	0	22.328	18.75
g	9219	162	2023	17	23	1.656	0	22.188	18.75
g	9220	202	2023	17	23	1.656	0	22.188	18.75
g	9221	242	2023	17	26	1.656	-3.391	22.188	18.75
g	9222	282	2023	19	23	0.406	0	22.188	18.75
g	9223	322	2023	17	23	1.656	0	22.188	18.75
g	9224	362	2023	16	23	1.656	-0.141	22.188	18.75
g	9225	402	2023	17	23	1.438	0	22.188	18.75
g	9226	442	2023	17	23	1.656	0	22.188	18.75
g	9227	482	2023	18	23	0.406	0	22.188	18.75
g	9228	522	2023	17	23	1.656	0	22.188	18.75
g	9229	562	2023	18	23	0.875	0	22.328	18.75
g	9230	602	2023	17	23	1.328	-0.141	22.328	18.75
g	9231	642	2023	16	23	1.328	0	22.328	18.75
g	9232	682	2023	17	23	1.656	0	22.188	18.75
g	9233	722	2023	16	23	1.656	0	22.188	18.75
g	9234	762	2023	17	23	1.656	0	22.188	18.75
g	9235	802	2023	16	23	1.656	-0.141	22.188	18.75
g	9236	842	2023	17	23	1.656	0	22.188	18.75
g	9237	882	2023	17	23	1.531	0	22.188	18.75
g	9238	922	2023	18	23	1.328	0	22.328	18.75
g	9239	962	2023	17	23	1.656	0	22.188	18.75
g	9240	1002	2023	17	23	0.875	0	22.328	18.75
g	9241	1042	2023	16	23	1.656	0	22.188	18.75
g	9242	1082	2023	17	23	1.328	0	22.328	18.75
g	9243	2	2070	17	23	1.656	-0.141	22.188	18.75
g	9244	42	2070	16	23	1.656	-0.141	22.188	18.75
g	9245	82	2070	17	23	0.875	-0.141	22.328	18.75
g	9246	122	2070	16	23	1.438	-0.141	22.188	18.75
g	9247	162	2070	16	23	1.438	-0.141	22.188	18.75
g	9248	202	2070	17	23	1.328	0	22.328	18.75
g	9249	242	2070	17	23	1.656	0	22.188	18.75
g	9250	282	2070	18	24	0	-0.313	23.438	18.75
g	9251	322	2070	16	6	1.563	-6.031	-0.313	18.75
g	9252	362	2070	17	23	1.531	0	22.188	18.75
g	9253	402	2070	16	20	1.25	1.734	21.516	18.75
g	9254	442	2070	14	23	2.719	-0.313	22.5	18.75
g	9255	482	2070	15	16	2.188	3.172	19.031	18.75
g	9256	522	2070	15	23	2.188	0	22.203	18.75
g	9257	562	2070	19	38	0	-7.5	29.688	18.75
g	9472	602	2070	22	4	-1.625	9.422	12.672	18.75
g	9473	642	2070	22	7	-1.625	7.797	14.297	18.75
g	9474	682	2070	4	38	7.75	-7.938	30.031	18.75
g	9475	722	2070	7	38	6.125	-7.938	30.031	18.75
g	9476	762	2070	17	4	1.031	9.422	12.672	18.75
g	9477	802	2070	17	7	1.031	7.797	14.297	18.75
g	9478	842	2070	4	30	7.75	-3.703	25.797	18.75
g	9479	882	2070	7	30	6.125	-3.703	25.797	18.75
g	9480	922	2070	18	4	0.578	9.422	12.672	18.75
g	9481	962	2070	18	7	0.578	7.797	14.297	18.75
g	9482	1002	2070	4	32	7.75	-4.516	26.609	18.75
g	9483	1042	2070	7	32	6.125	-4.516	26.609	18.75
g	9484	1082	2070	13	21	7.75	-7.938	12.672	18.75
g	9485	2	2117	13	23	7.75	-7.938	14.297	18.75
g	9486	42	2117	15	21	6.125	-7.938	12.672	18.75
g	9487	82	2117	15	23	6.125	-7.938	14.297	18.75
g	9488	122	2117	13	21	-1.625	-7.938	12.672	18.75
g	9489	162	2117	13	23	-1.625	-7.938	14.297	18.75
g	9490	202	2117	15	21	-1.625	-7.938	12.672	18.75
g	9491	242	2117	15	23	-1.625	-7.938	14.297	18.75
g	9492	282	2117	13	21	7.75	9.422	30.031	18.75
g	9493	322	2117	13	23	7.75	7.797	30.031	18.75
g	9494	362	2117	15	21	6.125	9.422	30.031	18.75
g	9495	402	2117	15	23	6.125	7.797	30.031	18.75
g	9496	442	2117	13	21	-1.625	9.422	30.031	18.75
g	9497	482	2117	13	23	-1.625	7.797	30.031	18.75
g	9498	522	2117	15	21	-1.625	9.422	30.031	18.75
g	9499	562	2117	15	23	-1.625	7.797	30.031	18.75
g	9500	602	2117	13	38	7.75	-7.938	30.031	18.75
g	9501	642	2117	13	38	7.75	-7.938	30.031	18.75
g	9502	682	2117	15	38	6.125	-7.938	30.031	18.75
g	9503	722	2117	15	38	6.125	-7.938	30.031	18.75
g	9504	762	2117	15	38	6.125	-7.938	30.031	18.75
g	9505	802	2117	15	38	6.125	-7.938	30.031	18.75
g	9506	842	2117	15	38	6.125	-7.938	30.031	18.75
g	9507	882	2117	15	38	6.125	-7.938	30.031	18.75
g	9508	922	2117	13	38	-1.625	-7.938	30.031	18.75
g	9509	962	2117	13	38	-1.625	-7.938	30.031	18.75
g	9510	1002	2117	15	38	-1.625	-7.938	30.031	18.75
g	9511	1042	2117	15	38	-1.625	-7.938	30.031	18.75
g	9512	1082	2117	15	38	-1.625	-7.938	30.031	18.75
g	9513	2	2164	15	38	-1.625	-7.938	30.031	18.75
g	9514	42	2164	15	38	-1.625	-7.938	30.031	18.75
g	9515	82	2164	15	38	-1.625	-7.938	30.031	18.75
g	9516	122	2164	22	21	-1.625	-7.938	12.672	18.75
g	9517	162	2164	22	23	-1.625	-7.938	14.297	18.75
g	9518	202	2164	22	23	-1.625	-7.938	14.297	18.75
g	9519	242	2164	22	23	-1.625	-7.938	14.297	18.75
g	9520	282	2164	22	21	-1.625	-7.938	12.672	18.75
g	9521	322	2164	22	23	-1.625	-7.938	14.297	18.75
g	9522	362	2164	22	23	-1.625	-7.938	14.297	18.75
g	9523	402	2164	22	23	-1.625	-7.938	14.297	18.75
g	9524	442	2164	22	21	-1.625	9.422	30.031	18.75
g	9525	482	2164	22	23	-1.625	7.797	30.031	18.75
g	9526	522	2164	22	23	-1.625	7.797	30.031	18.75
g	9527	562	2164	22	23	-1.625	7.797	30.031	18.75
g	9528	602	2164	22	21	-1.625	9.422	30.031	18.75
g	9529	642	2164	22	23	-1.625	7.797	30.031	18.75
g	9530	682	2164	22	23	-1.625	7.797	30.031	18.75
g	9531	722	2164	22	23	-1.625	7.797	30.031	18.75
g	9532	762	2164	22	38	-1.625	-7.938	30.031	18.75
g	9533	802	2164	22	38	-1.625	-7.938	30.031	18.75
g	9534	842	2164	22	38	-1.625	-7.938	30.031	18.75
g	9535	882	2164	22	38	-1.625	-7.938	30.031	18.75
g	9536	922	2164	22	38	-1.625	-7.938	30.031	18.75
g	9537	962	2164	22	38	-1.625	-7.938	30.031	18.75
g	9538	1002	2164	22	38	-1.625	-7.938	30.031	18.75
g	9539	1042	2164	22	38	-1.625	-7.938	30.031	18.75
g	9540	1082	2164	22	38	-1.625	-7.938	30.031	18.75
g	9541	2	2211	22	38	-1.625	-7.938	30.031	18.75
g	9542	42	2211	22	38	-1.625	-7.938	30.031	18.75
g	9543	82	2211	22	38	-1.625	-7.938	30.031	18.75
g	9544	122	2211	22	38	-1.625	-7.938	30.031	18.75
g	9545	162	2211	22	38	-1.625	-7.938	30.031	18.75
g	9546	202	2211	22	38	-1.625	-7.938	30.031	18.75
g	9547	242	2211	22	38	-1.625	-7.938	30.031	18.75
g	9548	282	2211	15	4	2.344	9.422	12.672	18.75
g	9549	322	2211	15	7	2.344	7.797	14.297	18.75
g	9550	362	2211	4	25	7.75	-1.406	23.484	18.75
g	9551	402	2211	7	25	6.125	-1.406	23.484	18.75
g	9552	442	2211	22	10	-1.625	6.172	15.922	18.75
g	9553	482	2211	10	38	4.5	-7.938	30.031	18.75
g	9554	522	2211	13	24	7.75	-7.938	15.922	18.75
g	9555	562	2211	16	21	4.5	-7.938	12.672	18.75
g	9556	602	2211	16	24	4.5	-7.938	15.922	18.75
g	9557	642	2211	13	24	-1.625	-7.938	15.922	18.75
g	9558	682	2211	16	21	-1.625	-7.938	12.672	18.75
g	9559	722	2211	16	24	-1.625	-7.938	15.922	18.75
g	9560	762	2211	13	24	7.75	6.172	30.031	18.75
g	9561	802	2211	16	21	4.5	9.422	30.031	18.75
g	9562	842	2211	16	24	4.5	6.172	30.031	18.75
g	9563	882	2211	13	24	-1.625	6.172	30.031	18.75
g	9564	922	2211	16	21	-1.625	9.422	30.031	18.75
g	9565	962	2211	16	24	-1.625	6.172	30.031	18.75
g	9566	1002	2211	13	38	7.75	-7.938	30.031	18.75
g	9567	1042	2211	16	38	4.5	-7.938	30.031	18.75
g	9568	1082	2211	16	38	4.5	-7.938	30.031	18.75
g	9569	2	2258	13	38	-1.625	-7.938	30.031	18.75
g	9570	42	2258	16	38	-1.625	-7.938	30.031	18.75
g	9571	82	2258	16	38	-1.625	-7.938	30.031	18.75
g	9572	122	2258	22	24	-1.625	-7.938	15.922	18.75
g	9573	162	2258	22	21	-1.625	-7.938	12.672	18.75
g	9574	202	2258	22	24	-1.625	-7.938	15.922	18.75
g	9575	242	2258	22	24	-1.625	6.172	30.031	18.75
g	9576	282	2258	22	21	-1.625	9.422	30.031	18.75
g	9577	322	2258	22	24	-1.625	6.172	30.031	18.75
g	9578	362	2258	22	38	-1.625	-7.938	30.031	18.75
g	9579	402	2258	22	38	-1.625	-7.938	30.031	18.75
g	9580	442	2258	22	38	-1.625	-7.938	30.031	18.75
g	9581	482	2258	13	21	7.75	-7.938	12.672	18.75
g	9582	522	2258	13	21	-1.625	-7.938	12.672	18.75
g	9583	562	2258	13	21	-1.625	9.422	30.031	18.75
g	9584	602	2258	13	21	7.75	9.422	30.031	18.75
g	9585	642	2258	19	34	0	-5.547	27.641	18.75
g	9586	682	2258	19	34	0	-5.547	27.641	18.75
g	9587	722	2258	19	34	0	-5.547	27.641	18.75
g	9588	762	2258	13	4	-1.625	9.422	12.672	18.75
g	9589	802	2258	4	21	7.75	9.422	30.031	18.75
g	9590	842	2258	13	4	7.75	9.422	12.672	18.75
g	9591	882	2258	4	21	7.75	-7.938	12.672	18.75
g	9592	922	2258	13	7	-1.625	7.797	14.297	18.75
g	9593	962	2258	7	21	6.125	9.422	30.031	18.75
g	9594	1002	2258	13	7	7.75	7.797	14.297	18.75
g	9595	1042	2258	7	21	6.125	-7.938	12.672	18.75
g	9596	1082	2258	22	7	-1.625	7.797	14.297	18.75
g	9597	2	2305	7	38	6.125	-7.938	30.031	18.75
g	9598	42	2305	22	7	-1.625	7.797	14.297	18.75
g	9599	82	2305	7	38	6.125	-7.938	30.031	18.75
g	9600	122	2305	19	19	0	11.094	29.688	18.75
g	9601	162	2305	19	5	0	-7.5	-2.844	18.75
g	9602	202	2305	19	10	0	-7.5	1.797	18.75
g	9603	242	2305	19	14	0	-7.5	6.438	18.75
g	9604	282	2305	19	19	0	-7.5	11.094	18.75
g	9605	322	2305	19	24	0	-7.5	15.734	18.75
g	9606	362	2305	19	28	0	-7.5	20.391	18.75
g	9607	402	2305	19	33	0	-7.5	25.031	18.75
g	9608	442	2305	19	38	0	-7.5	29.688	18.75
g	9609	482	2305	17	38	0	-7.5	29.688	18.75
g	9610	522	2305	15	38	0	-7.5	29.688	18.75
g	9611	562	2305	12	38	0	-7.5	29.688	18.75
g	9612	602	2305	10	38	0	-7.5	29.688	18.75
g	9613	642	2305	8	38	0	-7.5	29.688	18.75
g	9614	682	2305	5	38	0	-7.5	29.688	18.75
g	9615	722	2305	3	38	0	-7.5	29.688	18.75
g	9616	762	2305	10	38	9.375	-7.5	29.688	18.75
g	9617	802	2305	19	38	0	-7.5	29.688	18.75
g	9618	842	2305	19	38	0	-7.5	29.688	18.75
g	9619	882	2305	19	38	0	-7.5	29.688	18.75
g	9620	922	2305	19	5	0	25.031	29.688	18.75
g	9621	962	2305	3	38	16.406	-7.5	29.688	18.75
g	9622	1002	2305	10	19	0	-7.5	11.094	18.75
g	9623	1042	2305	10	19	9.375	-7.5	11.094	18.75
g	9624	1082	2305	10	19	0	11.094	29.688	18.75
g	9625	2	2352	19	38	0	-7.5	29.688	18.75
g	9626	42	2352	19	38	0	-7.5	29.688	18.75
g	9627	82	2352	19	38	0	-7.5	29.688	18.75
g	9628	122	2352	19	38	0	-7.5	29.688	18.75
g	9629	162	2352	10	19	9.375	11.094	29.688	18.75
g	9630	202	2352	19	38	0	-7.5	29.688	18.75
g	9631	242	2352	19	38	0	-7.5	29.688	18.75
g	9632	282	2352	17	17	1.172	2.891	19.297	18.75
g	9633	322	2352	17	17	1.172	2.891	19.297	18.75
g	9634	362	2352	17	17	1.172	2.891	19.297	18.75
g	9635	402	2352	17	17	1.172	2.891	19.297	18.75
g	9636	442	2352	17	17	1.172	2.891	19.297	18.75
g	9637	482	2352	17	17	1.172	2.891	19.297	18.75
g	9638	522	2352	17	17	1.172	2.891	19.297	18.75
g	9639	562	2352	17	17	1.172	2.891	19.297	18.75
g	9640	602	2352	17	17	1.172	2.891	19.297	18.75
g	9641	642	2352	17	17	1.172	2.891	19.297	18.75
g	9642	682	2352	10	10	4.688	6.406	15.781	18.75
g	9643	722	2352	10	10	4.688	6.406	15.781	18.75
g	9644	762	2352	19	10	0	6.406	15.781	18.75
g	9645	802	2352	19	10	0	6.406	15.781	18.75
g	9646	842	2352	10	19	4.688	1.719	20.469	18.75
g	9647	882	2352	10	19	4.688	1.719	20.469	18.75
g	9648	922	2352	19	10	0	6.406	15.781	18.75
g	9649	962	2352	19	10	0	6.406	15.781	18.75
g	9650	1002	2352	19	16	0	3.594	19.531	18.75
g	9651	1042	2352	19	16	0	3.594	19.531	18.75
g	9652	1082	2352	15	13	2.047	4.766	17.219	18.75
g	9653	2	2399	15	13	2.047	4.766	17.219	18.75
g	9654	42	2399	16	19	1.875	1.719	20.469	18.75
g	9655	82	2399	16	19	1.875	1.719	20.469	18.75
g	9656	122	2399	13	15	3.047	3.766	18.422	18.75
g	9657	162	2399	13	15	3.047	3.766	18.422	18.75
g	9658	202	2399	16	12	1.875	5.469	16.719	18.75
g	9659	242	2399	16	12	1.875	5.469	16.719	18.75
g	9660	282	2399	19	16	0	2.656	18.594	18.75
g	9661	322	2399	19	16	0	2.656	18.594	18.75
g	9662	362	2399	15	13	2.047	4.969	17.422	18.75
g	9663	402	2399	15	13	2.047	4.969	17.422	18.75
g	9664	442	2399	16	19	0.938	1.719	20.469	18.75
g	9665	482	2399	16	19	0.938	1.719	20.469	18.75
g	9666	522	2399	13	15	3.25	3.766	18.422	18.75
g	9667	562	2399	13	15	3.25	3.766	18.422	18.75
g	9668	602	2399	16	12	0.938	5.469	16.719	18.75
g	9669	642	2399	16	12	0.938	5.469	16.719	18.75
g	9670	682	2399	19	19	0	1.719	20.469	18.75
g	9671	722	2399	19	19	0	1.719	20.469	18.75
g	9672	762	2399	19	19	0	1.719	20.469	18.75
g	9673	802	2399	17	17	1.172	2.891	19.297	18.75
g	9674	842	2399	17	23	1.25	0	22.188	18.75
g	9675	882	2399	17	17	1.172	2.891	19.297	18.75
g	9676	922	2399	17	17	1.172	2.891	19.297	18.75
g	9677	962	2399	17	17	1.172	2.891	19.297	18.75
g	9678	1002	2399	19	19	0	1.719	20.469	18.75
g	9679	1042	2399	17	17	1.172	2.891	19.297	18.75
g	9680	1082	2399	17	17	1.172	2.891	19.297	18.75
g	9681	2	2446	17	17	1.172	2.891	19.297	18.75
g	9682	42	2446	17	17	1.172	2.891	19.297	18.75
g	9683	82	2446	17	17	1.172	2.891	19.297	18.75
g	9684	122	2446	17	17	1.172	2.891	19.297	18.75
g	9685	162	2446	17	17	1.172	2.891	19.297	18.75
g	9686	202	2446	9	17	1.172	2.891	19.297	18.75
g	9687	242	2446	9	17	9.375	2.891	19.297	18.75
g	9688	282	2446	17	17	1.172	2.891	19.297	18.75
g	9689	322	2446	19	19	0	1.719	20.469	18.75
g	9690	362	2446	19	10	0	11.094	20.469	18.75
g	9691	402	2446	19	10	0	1.719	11.094	18.75
g	9692	442	2446	9	9	1.172	11.094	19.297	18.75
g	9693	482	2446	9	9	9.375	11.094	19.297	18.75
g	9694	522	2446	9	9	9.375	2.891	11.094	18.75
g	9695	562	2446	9	9	1.172	2.891	11.094	18.75
g	9696	602	2446	17	9	1.172	11.094	19.297	18.75
g	9697	642	2446	17	9	1.172	2.891	11.094	18.75
g	9698	682	2446	17	17	1.172	2.891	19.297	18.75
g	9699	722	2446	17	17	1.172	2.891	19.297	18.75
g	9700	762	2446	17	17	1.172	2.891	19.297	18.75
g	9701	802	2446	17	17	1.172	2.891	19.297	18.75
g	9702	842	2446	10	10	4.75	6.469	15.719	18.75
g	9703	882	2446	17	17	1.172	2.891	19.297	18.75
g	9704	922	2446	17	17	1.172	2.891	19.297	18.75
g	9705	962	2446	17	17	1.172	2.891	19.297	18.75
g	9706	1002	2446	17	17	1.172	2.891	19.297	18.75
g	9707	1042	2446	17	17	1.172	2.891	19.297	18.75
g	9708	1082	2446	19	16	0	3.594	19.531	18.75
g	9709	2	2493	19	16	0	3.594	19.531	18.75
g	9710	42	2493	19	16	0	3.594	19.531	18.75
g	9711	82	2493	19	19	0	1.719	20.469	18.75
g	9712	122	2493	17	17	1.172	2.891	19.297	18.75
g	9713	162	2493	17	17	1.172	2.891	19.297	18.75
g	9714	202	2493	17	17	1.172	2.891	19.297	18.75
g	9715	242	2493	17	17	1.172	2.891	19.297	18.75
g	9716	282	2493	17	17	1.172	2.891	19.297	18.75
g	9717	322	2493	17	17	1.172	2.891	19.297	18.75
g	9718	362	2493	17	17	1.172	2.891	19.297	18.75
g	9719	402	2493	17	17	1.172	2.891	19.297	18.75
g	9720	442	2493	17	17	1.172	2.891	19.297	18.75
g	9721	482	2493	17	17	1.172	2.891	19.297	18.75
g	9722	522	2493	17	17	1.172	2.891	19.297	18.75
g	9723	562	2493	15	15	2.344	4.063	18.125	18.75
g	9724	602	2493	15	15	2.344	4.063	18.125	18.75
g	9725	642	2493	12	12	3.516	5.234	16.953	18.75
g	9726	682	2493	12	12	3.516	5.234	16.953	18.75
g	9727	722	2493	17	17	1.172	2.891	19.297	18.75
g	9753	762	2493	19	20	0	0.125	19.875	18.75
g	9786	802	2493	19	19	0	1.719	20.469	18.75
g	9787	842	2493	19	19	0	1.719	20.469	18.75
g	9788	882	2493	18	18	0.453	2.172	20	18.75
g	9792	922	2493	15	23	2.125	0	22.5	18.75
g	9794	962	2493	18	23	0.563	-0.313	22.031	18.75
g	9824	1002	2493	16	20	1.391	0.938	20	18.75
g	9827	1042	2493	18	20	0.766	0.938	20	18.75
g	9829	1082	2493	17	19	1.078	0.938	19.688	18.75
g	9830	2	2540	16	20	1.703	0.625	20.313	18.75
g	9834	42	2540	15	23	2.438	-0.266	22.188	18.75
g	9835	82	2540	18	24	0.078	-0.313	22.813	18.75
g	10003	122	2540	16	23	1.969	0	22.188	18.75
g	10087	162	2540	19	20	0	0.125	19.875	18.75
g	10092	202	2540	12	23	3.625	0	22.188	18.75
g	10093	242	2540	12	23	3.125	0	22.188	18.75
g	10094	282	2540	14	23	2.688	0	22.188	18.75
g	10095	322	2540	14	23	2.313	0	22.188	18.75
g	10096	362	2540	9	23	5	0	22.188	18.75
g	10097	402	2540	9	23	4.688	0	22.188	18.75
g	10241	442	2540	5	5	3.125	17.813	22.5	18.75
g	10242	482	2540	5	5	3.125	10.984	15.672	18.75
g	10243	522	2540	5	12	3.125	10.984	22.5	18.75
g	10244	562	2540	5	5	3.125	4.172	8.859	18.75
g	10245	602	2540	5	19	3.125	4.172	22.5	18.75
g	10246	642	2540	5	12	3.125	4.172	15.672	18.75
g	10247	682	2540	5	19	3.125	4.172	22.5	18.75
g	10248	722	2540	5	5	10.938	17.813	22.5	18.75
g	10249	762	2540	13	5	3.125	17.813	22.5	18.75
g	10250	802	2540	13	12	3.125	10.984	22.5	18.75
g	10251	842	2540	13	12	3.125	10.984	22.5	18.75
g	10252	882	2540	13	19	3.125	4.172	22.5	18.75
g	10253	922	2540	13	19	3.125	4.172	22.5	18.75
g	10254	962	2540	13	19	3.125	4.172	22.5	18.75
g	10255	1002	2540	13	19	3.125	4.172	22.5	18.75
g	10256	1042	2540	5	5	10.938	10.984	15.672	18.75
g	10257	1082	2540	13	12	3.125	10.984	22.5	18.75
g	10258	2	2587	13	5	3.125	10.984	15.672	18.75
g	10259	42	2587	13	12	3.125	10.984	22.5	18.75
g	10260	82	2587	13	12	3.125	4.172	15.672	18.75
g	10261	122	2587	13	19	3.125	4.172	22.5	18.75
g	10262	162	2587	13	12	3.125	4.172	15.672	18.75
g	10263	202	2587	13	19	3.125	4.172	22.5	18.75
g	10264	242	2587	5	12	10.938	10.984	22.5	18.75
g	10265	282	2587	13	12	3.125	10.984	22.5	18.75
g	10266	322	2587	13	12	3.125	10.984	22.5	18.75
g	10267	362	2587	13	12	3.125	10.984	22.5	18.75
g	10268	402	2587	13	19	3.125	4.172	22.5	18.75
g	10269	442	2587	13	19	3.125	4.172	22.5	18.75
g	10270	482	2587	13	19	3.125	4.172	22.5	18.75
g	10271	522	2587	13	19	3.125	4.172	22.5	18.75
g	10272	562	2587	5	5	10.938	4.172	8.859	18.75
g	10273	602	2587	13	19	3.125	4.172	22.5	18.75
g	10274	642	2587	13	12	3.125	4.172	15.672	18.75
g	10275	682	2587	13	19	3.125	4.172	22.5	18.75
g	10276	722	2587	13	5	3.125	4.172	8.859	18.75
g	10277	762	2587	13	19	3.125	4.172	22.5	18.75
g	10278	802	2587	13	12	3.125	4.172	15.672	18.75
g	10279	842	2587	13	19	3.125	4.172	22.5	18.75
g	10280	882	2587	5	19	10.938	4.172	22.5	18.75
g	10281	922	2587	13	19	3.125	4.172	22.5	18.75
g	10282	962	2587	13	19	3.125	4.172	22.5	18.75
g	10283	1002	2587	13	19	3.125	4.172	22.5	18.75
g	10284	1042	2587	13	19	3.125	4.172	22.5	18.75
g	10285	1082	2587	13	19	3.125	4.172	22.5	18.75
g	10286	2	2634	13	19	3.125	4.172	22.5	18.75
g	10287	42	2634	13	19	3.125	4.172	22.5	18.75
g	10288	82	2634	5	12	10.938	4.172	15.672	18.75
g	10289	122	2634	13	19	3.125	4.172	22.5	18.75
g	10290	162	2634	13	12	3.125	4.172	15.672	18.75
g	10291	202	2634	13	19	3.125	4.172	22.5	18.75
g	10292	242	2634	13	12	3.125	4.172	15.672	18.75
g	10293	282	2634	13	19	3.125	4.172	22.5	18.75
g	10294	322	2634	13	12	3.125	4.172	15.672	18.75
g	10295	362	2634	13	19	3.125	4.172	22.5	18.75
g	10296	402	2634	5	19	10.938	4.172	22.5	18.75
g	10297	442	2634	13	19	3.125	4.172	22.5	18.75
g	10298	482	2634	13	19	3.125	4.172	22.5	18.75
g	10299	522	2634	13	19	3.125	4.172	22.5	18.75
g	10300	562	2634	13	19	3.125	4.172	22.5	18.75
g	10301	602	2634	13	19	3.125	4.172	22.5	18.75
g	10302	642	2634	13	19	3.125	4.172	22.5	18.75
g	10303	682	2634	13	19	3.125	4.172	22.5	18.75
g	10304	722	2634	5	5	3.125	-2.656	2.031	18.75
g	10305	762	2634	5	26	3.125	-2.656	22.5	18.75
g	10306	802	2634	5	19	3.125	-2.656	15.672	18.75
g	10307	842	2634	5	26	3.125	-2.656	22.5	18.75
g	10308	882	2634	5	12	3.125	-2.656	8.859	18.75
g	10309	922	2634	5	26	3.125	-2.656	22.5	18.75
g	10310	962	2634	5	19	3.125	-2.656	15.672	18.75
g	10311	1002	2634	5	26	3.125	-2.656	22.5	18.75
g	10312	1042	2634	13	26	3.125	-2.656	22.5	18.75
g	10313	1082	2634	13	26	3.125	-2.656	22.5	18.75
g	10314	2	2681	13	26	3.125	-2.656	22.5	18.75
g	10315	42	2681	13	26	3.125	-2.656	22.5	18.75
g	10316	82	2681	13	26	3.125	-2.656	22.5	18.75
g	10317	122	2681	13	26	3.125	-2.656	22.5	18.75
g	10318	162	2681	13	26	3.125	-2.656	22.5	18.75
g	10319	202	2681	13	26	3.125	-2.656	22.5	18.75
g	10320	242	2681	13	19	3.125	-2.656	15.672	18.75
g	10321	282	2681	13	26	3.125	-2.656	22.5	18.75
g	10322	322	2681	13	19	3.125	-2.656	15.672	18.75
g	10323	362	2681	13	26	3.125	-2.656	22.5	18.75
g	10324	402	2681	13	19	3.125	-2.656	15.672	18.75
g	10325	442	2681	13	26	3.125	-2.656	22.5	18.75
g	10326	482	2681	13	19	3.125	-2.656	15.672	18.75
g	10327	522	2681	13	26	3.125	-2.656	22.5	18.75
g	10328	562	2681	13	26	3.125	-2.656	22.5	18.75
g	10329	602	2681	13	26	3.125	-2.656	22.5	18.75
g	10330	642	2681	13	26	3.125	-2.656	22.5	18.75
g	10331	682	2681	13	26	3.125	-2.656	22.5	18.75
g	10332	722	2681	13	26	3.125	-2.656	22.5	18.75
g	10333	762	2681	13	26	3.125	-2.656	22.5	18.75
g	10334	802	2681	13	26	3.125	-2.656	22.5	18.75
g	10335	842	2681	13	26	3.125	-2.656	22.5	18.75
g	10336	882	2681	13	12	3.125	-2.656	8.859	18.75
g	10337	922	2681	13	26	3.125	-2.656	22.5	18.75
g	10338	962	2681	13	19	3.125	-2.656	15.672	18.75
g	10339	1002	2681	13	26	3.125	-2.656	22.5	18.75
g	10340	1042	2681	13	12	3.125	-2.656	8.859	18.75
g	10341	1082	2681	13	26	3.125	-2.656	22.5	18.75
g	10342	2	2728	13	19	3.125	-2.656	15.672	18.75
g	10343	42	2728	13	26	3.125	-2.656	22.5	18.75
g	10344	82	2728	13	26	3.125	-2.656	22.5	18.75
g	10345	122	2728	13	26	3.125	-2.656	22.5	18.75
g	10346	162	2728	13	26	3.125	-2.656	22.5	18.75
g	10347	202	2728	13	26	3.125	-2.656	22.5	18.75
g	10348	242	2728	13	26	3.125	-2.656	22.5	18.75
g	10349	282	2728	13	26	3.125	-2.656	22.5	18.75
g	10350	322	2728	13	26	3.125	-2.656	22.5	18.75
g	10351	362	2728	13	26	3.125	-2.656	22.5	18.75
g	10352	402	2728	13	19	3.125	-2.656	15.672	18.75
g	10353	442	2728	13	26	3.125	-2.656	22.5	18.75
g	10354	482	2728	13	19	3.125	-2.656	15.672	18.75
g	10355	522	2728	13	26	3.125	-2.656	22.5	18.75
g	10356	562	2728	13	19	3.125	-2.656	15.672	18.75
g	10357	602	2728	13	26	3.125	-2.656	22.5	18.75
g	10358	642	2728	13	19	3.125	-2.656	15.672	18.75
g	10359	682	2728	13	26	3.125	-2.656	22.5	18.75
g	10360	722	2728	13	26	3.125	-2.656	22.5	18.75
g	10361	762	2728	13	26	3.125	-2.656	22.5	18.75
g	10362	802	2728	13	26	3.125	-2.656	22.5	18.75
g	10363	842	2728	13	26	3.125	-2.656	22.5	18.75
g	10364	882	2728	13	26	3.125	-2.656	22.5	18.75
g	10365	922	2728	13	26	3.125	-2.656	22.5	18.75
g	10366	962	2728	13	26	3.125	-2.656	22.5	18.75
g	10367	1002	2728	13	26	3.125	-2.656	22.5	18.75
g	10368	1042	2728	5	5	10.938	-2.656	2.031	18.75
g	10369	1082	2728	13	26	3.125	-2.656	22.5	18.75
g	10370	2	2775	13	19	3.125	-2.656	15.672	18.75
g	10371	42	2775	13	26	3.125	-2.656	22.5	18.75
g	10372	82	2775	13	12	3.125	-2.656	8.859	18.75
g	10373	122	2775	13	26	3.125	-2.656	22.5	18.75
g	10374	162	2775	13	19	3.125	-2.656	15.672	18.75
g	10375	202	2775	13	26	3.125	-2.656	22.5	18.75
g	10376	242	2775	5	26	10.938	-2.656	22.5	18.75
g	10377	282	2775	13	26	3.125	-2.656	22.5	18.75
g	10378	322	2775	13	26	3.125	-2.656	22.5	18.75
g	10379	362	2775	13	26	3.125	-2.656	22.5	18.75
g	10380	402	2775	13	26	3.125	-2.656	22.5	18.75
g	10381	442	2775	13	26	3.125	-2.656	22.5	18.75
g	10382	482	2775	13	26	3.125	-2.656	22.5	18.75
g	10383	522	2775	13	26	3.125	-2.656	22.5	18.75
g	10384	562	2775	5	19	10.938	-2.656	15.672	18.75
g	10385	602	2775	13	26	3.125	-2.656	22.5	18.75
g	10386	642	2775	13	19	3.125	-2.656	15.672	18.75
g	10387	682	2775	13	26	3.125	-2.656	22.5	18.75
g	10388	722	2775	13	19	3.125	-2.656	15.672	18.75
g	10389	762	2775	13	26	3.125	-2.656	22.5	18.75
g	10390	802	2775	13	19	3.125	-2.656	15.672	18.75
g	10391	842	2775	13	26	3.125	-2.656	22.5	18.75
g	10392	882	2775	5	26	10.938	-2.656	22.5	18.75
g	10393	922	2775	13	26	3.125	-2.656	22.5	18.75
g	10394	962	2775	13	26	3.125	-2.656	22.5	18.75
g	10395	1002	2775	13	26	3.125	-2.656	22.5	18.75
g	10396	1042	2775	13	26	3.125	-2.656	22.5	18.75
g	10397	1082	2775	13	26	3.125	-2.656	22.5	18.75
g	10398	2	2822	13	26	3.125	-2.656	22.5	18.75
g	10399	42	2822	13	26	3.125	-2.656	22.5	18.75
g	10400	82	2822	5	12	10.938	-2.656	8.859	18.75
g	10401	122	2822	13	26	3.125	-2.656	22.5	18.75
g	10402	162	2822	13	19	3.125	-2.656	15.672	18.75
g	10403	202	2822	13	26	3.125	-2.656	22.5	18.75
g	10404	242	2822	13	12	3.125	-2.656	8.859	18.75
g	10405	282	2822	13	26	3.125	-2.656	22.5	18.75
g	10406	322	2822	13	19	3.125	-2.656	15.672	18.75
g	10407	362	2822	13	26	3.125	-2.656	22.5	18.75
g	10408	402	2822	5	26	10.938	-2.656	22.5	18.75
g	10409	442	2822	13	26	3.125	-2.656	22.5	18.75
g	10410	482	2822	13	26	3.125	-2.656	22.5	18.75
g	10411	522	2822	13	26	3.125	-2.656	22.5	18.75
g	10412	562	2822	13	26	3.125	-2.656	22.5	18.75
g	10413	602	2822	13	26	3.125	-2.656	22.5	18.75
g	10414	642	2822	13	26	3.125	-2.656	22.5	18.75
g	10415	682	2822	13	26	3.125	-2.656	22.5	18.75
g	10416	722	2822	5	19	10.938	-2.656	15.672	18.75
g	10417	762	2822	13	26	3.125	-2.656	22.5	18.75
g	10418	802	2822	13	19	3.125	-2.656	15.672	18.75
g	10419	842	2822	13	26	3.125	-2.656	22.5	18.75
g	10420	882	2822	13	19	3.125	-2.656	15.672	18.75
g	10421	922	2822	13	26	3.125	-2.656	22.5	18.75
g	10422	962	2822	13	19	3.125	-2.656	15.672	18.75
g	10423	1002	2822	13	26	3.125	-2.656	22.5	18.75
g	10424	1042	2822	5	26	10.938	-2.656	22.5	18.75
g	10425	1082	2822	13	26	3.125	-2.656	22.5	18.75
g	10426	2	2869	13	26	3.125	-2.656	22.5	18.75
g	10427	42	2869	13	26	3.125	-2.656	22.5	18.75
g	10428	82	2869	13	26	3.125	-2.656	22.5	18.75
g	10429	122	2869	13	26	3.125	-2.656	22.5	18.75
g	10430	162	2869	13	26	3.125	-2.656	22.5	18.75
g	10431	202	2869	13	26	3.125	-2.656	22.5	18.75
g	10432	242	2869	13	5	3.125	-2.656	2.031	18.75
g	10433	282	2869	13	26	3.125	-2.656	22.5	18.75
g	10434	322	2869	13	19	3.125	-2.656	15.672	18.75
g	10435	362	2869	13	26	3.125	-2.656	22.5	18.75
g	10436	402	2869	13	12	3.125	-2.656	8.859	18.75
g	10437	442	2869	13	26	3.125	-2.656	22.5	18.75
g	10438	482	2869	13	19	3.125	-2.656	15.672	18.75
g	10439	522	2869	13	26	3.125	-2.656	22.5	18.75
g	10440	562	2869	13	26	3.125	-2.656	22.5	18.75
g	10441	602	2869	13	26	3.125	-2.656	22.5	18.75
g	10442	642	2869	13	26	3.125	-2.656	22.5	18.75
g	10443	682	2869	13	26	3.125	-2.656	22.5	18.75
g	10444	722	2869	13	26	3.125	-2.656	22.5	18.75
g	10445	762	2869	13	26	3.125	-2.656	22.5	18.75
g	10446	802	2869	13	26	3.125	-2.656	22.5	18.75
g	10447	842	2869	13	26	3.125	-2.656	22.5	18.75
g	10448	882	2869	13	19	3.125	-2.656	15.672	18.75
g	10449	922	2869	13	26	3.125	-2.656	22.5	18.75
g	10450	962	2869	13	19	3.125	-2.656	15.672	18.75
g	10451	1002	2869	13	26	3.125	-2.656	22.5	18.75
g	10452	1042	2869	13	19	3.125	-2.656	15.672	18.75
g	10453	1082	2869	13	26	3.125	-2.656	22.5	18.75
g	10454	2	2916	13	19	3.125	-2.656	15.672	18.75
g	10455	42	2916	13	26	3.125	-2.656	22.5	18.75
g	10456	82	2916	13	26	3.125	-2.656	22.5	18.75
g	10457	122	2916	13	26	3.125	-2.656	22.5	18.75
g	10458	162	2916	13	26	3.125	-2.656	22.5	18.75
g	10459	202	2916	13	26	3.125	-2.656	22.5	18.75
g	10460	242	2916	13	26	3.125	-2.656	22.5	18.75
g	10461	282	2916	13	26	3.125	-2.656	22.5	18.75
g	10462	322	2916	13	26	3.125	-2.656	22.5	18.75
g	10463	362	2916	13	26	3.125	-2.656	22.5	18.75
g	10464	402	2916	13	12	3.125	-2.656	8.859	18.75
g	10465	442	2916	13	26	3.125	-2.656	22.5	18.75
g	10466	482	2916	13	19	3.125	-2.656	15.672	18.75
g	10467	522	2916	13	26	3.125	-2.656	22.5	18.75
g	10468	562	2916	13	12	3.125	-2.656	8.859	18.75
g	10469	602	2916	13	26	3.125	-2.656	22.5	18.75
g	10470	642	2916	13	19	3.125	-2.656	15.672	18.75
g	10471	682	2916	13	26	3.125	-2.656	22.5	18.75
g	10472	722	2916	13	26	3.125	-2.656	22.5	18.75
g	10473	762	2916	13	26	3.125	-2.656	22.5	18.75
g	10474	802	2916	13	26	3.125	-2.656	22.5	18.75
g	10475	842	2916	13	26	3.125	-2.656	22.5	18.75
g	10476	882	2916	13	26	3.125	-2.656	22.5	18.75
g	10477	922	2916	13	26	3.125	-2.656	22.5	18.75
g	10478	962	2916	13	26	3.125	-2.656	22.5	18.75
g	10479	1002	2916	13	26	3.125	-2.656	22.5	18.75
g	10480	1042	2916	13	19	3.125	-2.656	15.672	18.75
g	10481	1082	2916	13	26	3.125	-2.656	22.5	18.75
g	10482	2	2963	13	19	3.125	-2.656	15.672	18.75
g	10483	42	2963	13	26	3.125	-2.656	22.5	18.75
g	10484	82	2963	13	19	3.125	-2.656	15.672	18.75
g	10485	122	2963	13	26	3.125	-2.656	22.5	18.75
g	10486	162	2963	13	19	3.125	-2.656	15.672	18.75
g	10487	202	2963	13	26	3.125	-2.656	22.5	18.75
g	10488	242	2963	13	26	3.125	-2.656	22.5	18.75
g	10489	282	2963	13	26	3.125	-2.656	22.5	18.75
g	10490	322	2963	13	26	3.125	-2.656	22.5	18.75
g	10491	362	2963	13	26	3.125	-2.656	22.5	18.75
g	10492	402	2963	13	26	3.125	-2.656	22.5	18.75
g	10493	442	2963	13	26	3.125	-2.656	22.5	18.75
g	10494	482	2963	13	26	3.125	-2.656	22.5	18.75
g	10495	522	2963	13	26	3.125	-2.656	22.5	18.75
g	10799	562	2963	15	16	1.891	2.938	18.563	18.75
g	11026	602	2963	17	17	1.172	2.891	19.297	18.75
g	11027	642	2963	17	17	1.172	2.891	19.297	18.75
g	11028	682	2963	17	17	1.172	2.891	19.297	18.75
g	11029	722	2963	17	17	1.172	2.891	19.297	18.75
g	11030	762	2963	19	19	0	1.719	20.469	18.75
g	11031	802	2963	19	19	0	1.719	20.469	18.75
g	11032	842	2963	19	19	0	1.719	20.469	18.75
g	11033	882	2963	19	19	0	1.719	20.469	18.75
g	11034	922	2963	17	17	1.172	2.891	19.297	18.75
g	11035	962	2963	19	19	0	1.719	20.469	18.75
g	11036	1002	2963	19	19	0	1.719	20.469	18.75
g	11037	1042	2963	8	8	5.859	7.578	14.609	18.75
g	11038	1082	2963	8	8	5.859	7.578	14.609	18.75
g	11039	2	3010	19	18	0	2.625	20.469	18.75
g	11040	42	3010	19	18	0	2.625	20.469	18.75
g	11041	82	3010	17	19	1.25	1.719	20.469	18.75
g	11042	122	3010	17	19	1.25	1.719	20.469	18.75
g	11043	162	3010	19	17	0	2.969	19.219	18.75
g	11044	202	3010	19	19	0	1.719	20.469	18.75
g	11045	242	3010	13	13	3.313	5.031	17.156	18.75
g	11046	282	3010	13	13	3.313	5.031	17.156	18.75
g	11047	322	3010	9	15	5.125	4	18.188	18.75
g	11048	362	3010	9	15	5.125	4	18.188	18.75
g	11049	402	3010	6	6	6.625	8.344	13.844	18.75
g	11050	442	3010	6	10	6.484	6.281	15.922	18.75
g	11051	482	3010	6	10	6.484	6.281	15.922	18.75
g	11052	522	3010	17	10	1.172	6.172	16.016	18.75
g	11053	562	3010	17	10	1.172	6.172	16.016	18.75
g	11054	602	3010	10	17	4.453	2.891	19.297	18.75
g	11055	642	3010	10	17	4.453	2.891	19.297	18.75
g	11205	682	3010	11	9	4.094	5.938	14.906	18.75
g	11206	722	3010	11	9	4.094	7.281	16.25	18.75
g	11207	762	3010	9	11	4.156	5.813	16.375	18.75
g	11208	802	3010	9	11	5.625	5.813	16.375	18.75
g	11210	842	3010	17	9	1.172	11.094	19.297	18.75
g	11211	882	3010	17	9	1.172	2.891	11.094	18.75
g	11362	922	3010	18	23	-0.016	0	22.188	18.75
g	11373	962	3010	17	23	1.063	-0.422	22.5	18.75
g	64257	1002	3010	35	24	1.063	0	23.813	18.75
g	64258	1042	3010	35	25	1.063	-0.313	23.75	18.75
g	64298	1082	3010	14	25	2.109	-0.297	24.391	18.75
g	64299	2	3057	14	25	2.109	-0.297	24.375	18.75
g	64300	42	3057	14	25	2.109	-0.297	24.391	0
g	64301	82	3057	14	25	2.109	-0.297	24.375	0
g	64302	122	3057	16	24	1.125	-5.016	18.75	18.75
g	64303	162	3057	16	27	1.125	-7.281	18.75	18.75
g	64304	202	3057	16	19	1.125	0	18.75	0
g	64305	242	3057	16	20	1.797	0	19.578	18.75
g	64306	282	3057	12	20	2.484	-0.281	18.75	18.75
g	64307	322	3057	16	19	1.141	0	18.75	18.75
g	64308	362	3057	15	20	1.891	0	19.578	18.75
g	64309	402	3057	10	19	2.813	0	18.75	18.75
g	64310	442	3057	12	19	2.781	0	18.75	18.75
g	64312	482	3057	14	20	2.156	-0.313	18.75	18.75
g	64313	522	3057	11	12	2.5	7.438	18.75	18.75
g	64314	562	3057	15	27	0.703	-7.188	19.578	18.75
g	64315	602	3057	13	20	2.078	0	19.578	18.75
g	64316	642	3057	14	24	1.969	-0.297	23.438	18.75
g	64318	682	3057	17	19	0.406	0	18.844	18.75
g	64320	722	3057	12	19	2.313	0	18.75	18.75
g	64321	762	3057	14	20	2.063	-0.297	19.578	18.75
g	64323	802	3057	14	26	1.781	-7.188	18.75	18.75
g	64324	842	3057	14	19	2.063	0	18.75	18.75
g	64326	882	3057	15	19	1.391	0	18.75	18.75
g	64327	922	3057	14	26	2.359	-7.188	18.75	18.75
g	64328	962	3057	15	20	0.422	0	19.578	18.75
g	64329	1002	3057	14	20	2.109	-0.297	18.75	0
g	64330	1042	3057	17	19	0.422	0	18.75	18.75
g	64331	1082	3057	10	25	2.813	0	24.375	18.75
g	64444	2	3104	7	6	6.375	-6.781	-1.203	18.75
g	64448	42	3104	9	8	5.172	10.516	17.828	18.75
g	64603	82	3104	13	31	2.797	-0.078	30.297	18.75
g	64604	122	3104	14	29	2.563	-7.359	21.563	18.75
g	64605	162	3104	18	24	0.516	-5.563	17.672	18.75
g	64656	202	3104	20	22	0.453	-6.406	14.859	18.75
g	64729	242	3104	19	24	-1.109	-0.094	23.719	18.75
g	64828	282	3104	15	24	4.828	-0.094	23.109	18.75
g	64829	322	3104	14	24	7.547	0	23.109	18.75
g	64830	362	3104	10	29	3.719	-3.391	24.797	18.75
g	64831	402	3104	10	29	5.031	-3.391	24.797	18.75
g	65010	442	3104	36	19	0.906	-0.094	18.719	18.75
g	65533	482	3104	18	19	0.625	1.719	20.469	18.75
g	117793	522	3104	5	14	2.344	13.438	27.344	18.75
g	117794	562	3104	5	14	11.719	13.438	27.344	18.75
g	117795	602	3104	15	14	2.344	13.438	27.344	18.75
g	117796	642	3104	5	14	2.344	-5.156	8.75	18.75
g	117797	682	3104	5	33	2.344	-5.156	27.344	18.75
g	117798	722	3104	15	33	2.344	-5.156	27.344	18.75
g	117799	762	3104	15	33	2.344	-5.156	27.344	18.75
g	117800	802	3104	5	14	11.719	-5.156	8.75	18.75
g	117801	842	3104	15	33	2.344	-5.156	27.344	18.75
g	117802	882	3104	5	33	11.719	-5.156	27.344	18.75
g	117803	922	3104	15	33	2.344	-5.156	27.344	18.75
g	117804	962	3104	15	14	2.344	-5.156	8.75	18.75
g	117805	1002	3104	15	33	2.344	-5.156	27.344	18.75
g	117806	1042	3104	15	33	2.344	-5.156	27.344	18.75
g	117807	1082	3104	15	33	2.344	-5.156	27.344	18.75
g	118016	2	3151	10	10	0	11.094	20.391	18.75
g	118017	42	3151	19	19	0	11.094	29.688	18.75
g	118018	82	3151	19	19	0	11.094	29.688	18.75
g	118019	122	3151	10	10	9.375	11.094	20.391	18.75
g	118020	162	3151	19	19	0	11.094	29.688	18.75
g	118021	202	3151	19	19	0	11.094	29.688	18.75
g	118022	242	3151	19	10	0	11.094	20.391	18.75
g	118023	282	3151	19	19	0	11.094	29.688	18.75
g	118024	322	3151	19	19	0	11.094	29.688	18.75
g	118025	362	3151	10	10	0	1.797	11.094	18.75
g	118026	402	3151	10	28	0	1.797	29.688	18.75
g	118027	442	3151	19	28	0	1.797	29.688	18.75
g	118028	482	3151	19	28	0	1.797	29.688	18.75
g	118029	522	3151	10	28	0	1.797	29.688	18.75
g	118030	562	3151	19	28	0	1.797	29.688	18.75
g	118031	602	3151	19	28	0	1.797	29.688	18.75
g	118032	642	3151	19	19	0	1.797	20.391	18.75
g	118033	682	3151	19	28	0	1.797	29.688	18.75
g	118034	722	3151	19	28	0	1.797	29.688	18.75
g	118035	762	3151	19	28	0	1.797	29.688	18.75
g	118036	802	3151	19	19	0	1.797	20.391	18.75
g	118037	842	3151	19	28	0	1.797	29.688	18.75
g	118038	882	3151	19	28	0	1.797	29.688	18.75
g	118039	922	3151	19	28	0	1.797	29.688	18.75
g	118040	962	3151	10	10	9.375	1.797	11.094	18.75
g	118041	1002	3151	19	28	0	1.797	29.688	18.75
g	118042	1042	3151	10	28	9.375	1.797	29.688	18.75
g	118043	1082	3151	19	28	0	1.797	29.688	18.75
g	118044	2	3198	19	19	0	1.797	20.391	18.75
g	118045	42	3198	19	28	0	1.797	29.688	18.75
g	118046	82	3198	19	28	0	1.797	29.688	18.75
g	118047	122	3198	19	28	0	1.797	29.688	18.75
g	118048	162	3198	19	28	0	1.797	29.688	18.75
g	118049	202	3198	10	28	9.375	1.797	29.688	18.75
g	118050	242	3198	19	28	0	1.797	29.688	18.75
g	118051	282	3198	19	19	0	1.797	20.391	18.75
g	118052	322	3198	19	28	0	1.797	29.688	18.75
g	118053	362	3198	19	28	0	1.797	29.688	18.75
g	118054	402	3198	19	28	0	1.797	29.688	18.75
g	118055	442	3198	19	10	0	1.797	11.094	18.75
g	118056	482	3198	19	28	0	1.797	29.688	18.75
g	118057	522	3198	19	28	0	1.797	29.688	18.75
g	118058	562	3198	19	28	0	1.797	29.688	18.75
g	118059	602	3198	19	19	0	1.797	20.391	18.75
g	118060	642	3198	19	28	0	1.797	29.688	18.75
g	118061	682	3198	19	28	0	1.797	29.688	18.75
g	118062	722	3198	19	28	0	1.797	29.688	18.75
g	118063	762	3198	19	19	0	1.797	20.391	18.75
g	118064	802	3198	19	28	0	1.797	29.688	18.75
g	118065	842	3198	19	28	0	1.797	29.688	18.75
g	118066	882	3198	19	28	0	1.797	29.688	18.75
g	118067	922	3198	19	19	0	1.797	20.391	18.75
g	118068	962	3198	19	28	0	1.797	29.688	18.75
g	118069	1002	3198	19	28	0	1.797	29.688	18.75
g	118070	1042	3198	10	38	0	-7.5	29.688	18.75
g	118071	1082	3198	19	38	0	-7.5	29.688	18.75
g	118072	2	3245	19	38	0	-7.5	29.688	18.75
g	118073	42	3245	10	28	0	-7.5	20.391	18.75
g	118074	82	3245	10	38	0	-7.5	29.688	18.75
g	118075	122	3245	19	38	0	-7.5	29.688	18.75
g	118076	162	3245	19	38	0	-7.5	29.688	18.75
g	118077	202	3245	19	28	0	-7.5	20.391	18.75
g	118078	242	3245	19	38	0	-7.5	29.688	18.75
g	118079	282	3245	19	38	0	-7.5	29.688	18.75
g	118080	322	3245	19	38	0	-7.5	29.688	18.75
g	118081	362	3245	19	28	0	-7.5	20.391	18.75
g	118082	402	3245	19	38	0	-7.5	29.688	18.75
g	118083	442	3245	19	38	0	-7.5	29.688	18.75
g	118084	482	3245	19	38	0	-7.5	29.688	18.75
g	118085	522	3245	10	38	0	-7.5	29.688	18.75
g	118086	562	3245	19	38	0	-7.5	29.688	18.75
g	118087	602	3245	19	38	0	-7.5	29.688	18.75
g	118088	642	3245	10	28	0	-7.5	20.391	18.75
g	118089	682	3245	19	38	0	-7.5	29.688	18.75
g	118090	722	3245	19	38	0	-7.5	29.688	18.75
g	118091	762	3245	19	28	0	-7.5	20.391	18.75
g	118092	802	3245	19	38	0	-7.5	29.688	18.75
g	118093	842	3245	19	38	0	-7.5	29.688	18.75
g	118094	882	3245	19	28	0	-7.5	20.391	18.75
g	118095	922	3245	19	38	0	-7.5	29.688	18.75
g	118096	962	3245	19	38	0	-7.5	29.688	18.75
g	118097	1002	3245	19	19	0	-7.5	11.094	18.75
g	118098	1042	3245	19	38	0	-7.5	29.688	18.75
g	118099	1082	3245	19	38	0	-7.5	29.688	18.75
g	118100	2	3292	19	38	0	-7.5	29.688	18.75
g	118101	42	3292	19	28	0	-7.5	20.391	18.75
g	118102	82	3292	19	38	0	-7.5	29.688	18.75
g	118103	122	3292	19	38	0	-7.5	29.688	18.75
g	118104	162	3292	19	38	0	-7.5	29.688	18.75
g	118105	202	3292	19	28	0	-7.5	20.391	18.75
g	118106	242	3292	19	38	0	-7.5	29.688	18.75
g	118107	282	3292	19	38	0	-7.5	29.688	18.75
g	118108	322	3292	19	38	0	-7.5	29.688	18.75
g	118109	362	3292	19	28	0	-7.5	20.391	18.75
g	118110	402	3292	19	38	0	-7.5	29.688	18.75
g	118111	442	3292	19	38	0	-7.5	29.688	18.75
g	118112	482	3292	19	38	0	-7.5	29.688	18.75
g	118113	522	3292	19	19	0	-7.5	11.094	18.75
g	118114	562	3292	19	38	0	-7.5	29.688	18.75
g	118115	602	3292	19	38	0	-7.5	29.688	18.75
g	118116	642	3292	19	38	0	-7.5	29.688	18.75
g	118117	682	3292	19	28	0	-7.5	20.391	18.75
g	118118	722	3292	19	38	0	-7.5	29.688	18.75
g	118119	762	3292	19	38	0	-7.5	29.688	18.75
g	118120	802	3292	19	38	0	-7.5	29.688	18.75
g	118121	842	3292	19	28	0	-7.5	20.391	18.75
g	118122	882	3292	19	38	0	-7.5	29.688	18.75
g	118123	922	3292	19	38	0	-7.5	29.688	18.75
g	118124	962	3292	19	38	0	-7.5	29.688	18.75
g	118125	1002	3292	19	28	0	-7.5	20.391	18.75
g	118126	1042	3292	19	38	0	-7.5	29.688	18.75
g	118127	1082	3292	19	38	0	-7.5	29.688	18.75
g	118128	2	3339	19	38	0	-7.5	29.688	18.75
g	118129	42	3339	19	38	0	-7.5	29.688	18.75
g	118130	82	3339	10	38	9.375	-7.5	29.688	18.75
g	118131	122	3339	19	38	0	-7.5	29.688	18.75
g	118132	162	3339	19	28	0	-7.5	20.391	18.75
g	118133	202	3339	19	38	0	-7.5	29.688	18.75
g	118134	242	3339	19	38	0	-7.5	29.688	18.75
g	118135	282	3339	19	38	0	-7.5	29.688	18.75
g	118136	322	3339	10	28	9.375	-7.5	20.391	18.75
g	118137	362	3339	19	38	0	-7.5	29.688	18.75
g	118138	402	3339	10	38	9.375	-7.5	29.688	18.75
g	118139	442	3339	19	38	0	-7.5	29.688	18.75
g	118140	482	3339	19	28	0	-7.5	20.391	18.75
g	118141	522	3339	19	38	0	-7.5	29.688	18.75
g	118142	562	3339	19	38	0	-7.5	29.688	18.75
g	118143	602	3339	19	38	0	-7.5	29.688	18.75
g	118144	642	3339	19	19	0	-7.5	11.094	18.75
g	118145	682	3339	19	38	0	-7.5	29.688	18.75
g	118146	722	3339	19	38	0	-7.5	29.688	18.75
g	118147	762	3339	19	38	0	-7.5	29.688	18.75
g	118148	802	3339	19	28	0	-7.5	20.391	18.75
g	118149	842	3339	19	38	0	-7.5	29.688	18.75
g	118150	882	3339	19	38	0	-7.5	29.688	18.75
g	118151	922	3339	19	38	0	-7.5	29.688	18.75
g	118152	962	3339	19	28	0	-7.5	20.391	18.75
g	118153	1002	3339	19	38	0	-7.5	29.688	18.75
g	118154	1042	3339	19	38	0	-7.5	29.688	18.75
g	118155	1082	3339	19	38	0	-7.5	29.688	18.75
g	118156	2	3386	19	28	0	-7.5	20.391	18.75
g	118157	42	3386	19	38	0	-7.5	29.688	18.75
g	118158	82	3386	19	38	0	-7.5	29.688	18.75
g	118159	122	3386	19	38	0	-7.5	29.688	18.75
g	118160	162	3386	19	38	0	-7.5	29.688	18.75
g	118161	202	3386	10	38	9.375	-7.5	29.688	18.75
g	118162	242	3386	19	38	0	-7.5	29.688	18.75
g	118163	282	3386	19	28	0	-7.5	20.391	18.75
g	118164	322	3386	19	38	0	-7.5	29.688	18.75
g	118165	362	3386	19	38	0	-7.5	29.688	18.75
g	118166	402	3386	10	28	9.375	-7.5	20.391	18.75
g	118167	442	3386	19	38	0	-7.5	29.688	18.75
g	118168	482	3386	19	38	0	-7.5	29.688	18.75
g	118169	522	3386	19	28	0	-7.5	20.391	18.75
g	118170	562	3386	19	38	0	-7.5	29.688	18.75
g	118171	602	3386	19	38	0	-7.5	29.688	18.75
g	118172	642	3386	19	19	0	-7.5	11.094	18.75
g	118173	682	3386	19	38	0	-7.5	29.688	18.75
g	118174	722	3386	19	38	0	-7.5	29.688	18.75
g	118175	762	3386	19	38	0	-7.5	29.688	18.75
g	118176	802	3386	19	28	0	-7.5	20.391	18.75
g	118177	842	3386	19	38	0	-7.5	29.688	18.75
g	118178	882	3386	19	38	0	-7.5	29.688	18.75
g	118179	922	3386	19	38	0	-7.5	29.688	18.75
g	118180	962	3386	19	28	0	-7.5	20.391	18.75
g	118181	1002	3386	19	38	0	-7.5	29.688	18.75
g	118182	1042	3386	19	38	0	-7.5	29.688	18.75
g	118183	1082	3386	19	38	0	-7.5	29.688	18.75
g	118184	2	3433	19	28	0	-7.5	20.391	18.75
g	118185	42	3433	19	38	0	-7.5	29.688	18.75
g	118186	82	3433	19	38	0	-7.5	29.688	18.75
g	118187	122	3433	19	38	0	-7.5	29.688	18.75
g	118188	162	3433	19	38	0	-7.5	29.688	18.75
g	118189	202	3433	19	38	0	-7.5	29.688	18.75
g	118190	242	3433	19	38	0	-7.5	29.688	18.75
g	118191	282	3433	19	28	0	-7.5	20.391	18.75
g	118192	322	3433	19	38	0	-7.5	29.688	18.75
g	118193	362	3433	19	38	0	-7.5	29.688	18.75
g	118194	402	3433	19	38	0	-7.5	29.688	18.75
g	118195	442	3433	19	28	0	-7.5	20.391	18.75
g	118196	482	3433	19	38	0	-7.5	29.688	18.75
g	118197	522	3433	19	38	0	-7.5	29.688	18.75
g	118198	562	3433	19	38	0	-7.5	29.688	18.75
g	118199	602	3433	19	28	0	-7.5	20.391	18.75
g	118200	642	3433	19	38	0	-7.5	29.688	18.75
g	118201	682	3433	19	38	0	-7.5	29.688	18.75
g	118202	722	3433	19	38	0	-7.5	29.688	18.75
g	118203	762	3433	19	19	0	-7.5	11.094	18.75
g	118204	802	3433	19	38	0	-7.5	29.688	18.75
g	118205	842	3433	19	38	0	-7.5	29.688	18.75
g	118206	882	3433	19	38	0	-7.5	29.688	18.75
g	118207	922	3433	19	28	0	-7.5	20.391	18.75
g	118208	962	3433	19	38	0	-7.5	29.688	18.75
g	118209	1002	3433	19	38	0	-7.5	29.688	18.75
g	118210	1042	3433	19	38	0	-7.5	29.688	18.75
g	118211	1082	3433	19	28	0	-7.5	20.391	18.75
g	118212	2	3480	19	38	0	-7.5	29.688	18.75
g	118213	42	3480	19	38	0	-7.5	29.688	18.75
g	118214	82	3480	19	38	0	-7.5	29.688	18.75
g	118215	122	3480	19	28	0	-7.5	20.391	18.75
g	118216	162	3480	19	38	0	-7.5	29.688	18.75
g	118217	202	3480	19	38	0	-7.5	29.688	18.75
g	118218	242	3480	19	38	0	-7.5	29.688	18.75
g	118219	282	3480	19	19	0	-7.5	11.094	18.75
g	118220	322	3480	19	38	0	-7.5	29.688	18.75
g	118221	362	3480	19	38	0	-7.5	29.688	18.75
g	118222	402	3480	19	38	0	-7.5	29.688	18.75
g	118223	442	3480	19	28	0	-7.5	20.391	18.75
g	118224	482	3480	19	38	0	-7.5	29.688	18.75
g	118225	522	3480	19	38	0	-7.5	29.688	18.75
g	118226	562	3480	19	38	0	-7.5	29.688	18.75
g	118227	602	3480	19	28	0	-7.5	20.391	18.75
g	118228	642	3480	19	38	0	-7.5	29.688	18.75
g	118229	682	3480	19	38	0	-7.5	29.688	18.75
g	118230	722	3480	19	38	0	-7.5	29.688	18.75
g	118231	762	3480	19	28	0	-7.5	20.391	18.75
g	118232	802	3480	19	38	0	-7.5	29.688	18.75
g	118233	842	3480	19	38	0	-7.5	29.688	18.75
g	118234	882	3480	19	38	0	-7.5	29.688	18.75
g	118235	922	3480	19	38	0	-7.5	29.688	18.75
g	118236	962	3480	19	38	0	-7.5	29.688	18.75
g	118237	1002	3480	19	38	0	-7.5	29.688	18.75
g	118238	1042	3480	19	28	0	-7.5	20.391	18.75
g	118239	1082	3480	19	38	0	-7.5	29.688	18.75
g	118240	2	3527	19	38	0	-7.5	29.688	18.75
g	118241	42	3527	19	28	0	-7.5	20.391	18.75
g	118242	82	3527	19	38	0	-7.5	29.688	18.75
g	118243	122	3527	19	38	0	-7.5	29.688	18.75
g	118244	162	3527	19	38	0	-7.5	29.688	18.75
g	118245	202	3527	19	38	0	-7.5	29.688	18.75
g	118298	242	3527	13	23	6.25	-7.5	14.813	18.75
g	118299	282	3527	13	23	6.25	-7.5	14.813	18.75
g	118300	322	3527	7	23	6.25	-7.5	14.813	18.75
g	118301	362	3527	13	23	6.25	-7.5	14.813	18.75
g	118302	402	3527	13	8	6.25	7.375	14.813	18.75
g	118303	442	3527	19	8	0	7.375	14.813	18.75
g	118304	482	3527	19	23	0	-7.5	14.813	18.75
g	118305	522	3527	19	13	0	-7.5	4.891	18.75
g	118306	562	3527	13	13	0	-7.5	4.891	18.75
g	118307	602	3527	7	8	6.25	-7.5	-0.063	18.75
g	118308	642	3527	13	23	0	-7.5	14.813	18.75
g	118309	682	3527	13	8	0	7.375	14.813	18.75
g	118310	722	3527	13	23	0	-7.5	14.813	18.75
g	118311	762	3527	13	23	0	-7.5	14.813	18.75
g	118312	802	3527	13	38	6.25	-7.5	29.688	18.75
g	118313	842	3527	7	38	6.25	-7.5	29.688	18.75
g	118314	882	3527	13	38	6.25	-7.5	29.688	18.75
g	118315	922	3527	13	13	6.25	17.297	29.688	18.75
g	118316	962	3527	13	13	6.25	-7.5	4.891	18.75
g	118317	1002	3527	7	8	6.25	22.25	29.688	18.75
g	118318	1042	3527	13	38	6.25	-7.5	29.688	18.75
g	118319	1082	3527	19	25	0	-1.297	23.484	18.75
g	118320	2	3574	7	4	6.25	26.594	29.688	18.75
g	118321	42	3574	7	4	6.25	-7.5	-4.406	18.75
g	118322	82	3574	19	25	0	-1.297	23.484	18.75
g	118323	122	3574	19	31	0	-7.5	23.484	18.75
g	118324	162	3574	19	25	0	-1.297	23.484	18.75
g	118325	202	3574	13	31	6.25	-7.5	23.484	18.75
g	118326	242	3574	13	38	0	-7.5	29.688	18.75
g	118327	282	3574	13	38	0	-7.5	29.688	18.75
g	118328	322	3574	13	38	0	-7.5	29.688	18.75
g	118329	362	3574	13	38	0	-7.5	29.688	18.75
g	118330	402	3574	19	38	0	-7.5	29.688	18.75
g	118331	442	3574	13	13	0	17.297	29.688	18.75
g	118332	482	3574	7	23	6.25	7.375	29.688	18.75
g	118333	522	3574	13	23	6.25	7.375	29.688	18.75
g	118334	562	3574	13	23	6.25	7.375	29.688	18.75
g	118335	602	3574	13	23	6.25	7.375	29.688	18.75
g	118336	642	3574	19	23	0	7.375	29.688	18.75
g	118337	682	3574	19	16	0	8	23.484	18.75
g	118338	722	3574	19	13	0	17.297	29.688	18.75
g	118339	762	3574	13	23	0	7.375	29.688	18.75
g	118340	802	3574	13	23	0	7.375	29.688	18.75
g	118341	842	3574	15	30	0	-0.063	29.688	18.75
g	118342	882	3574	13	23	0	7.375	29.688	18.75
g	118343	922	3574	7	15	6.25	-7.5	7.375	18.75
g	118344	962	3574	7	30	6.25	-7.5	22.25	18.75
g	118345	1002	3574	7	8	6.25	-0.063	7.375	18.75
g	118346	1042	3574	7	15	6.25	-0.063	14.813	18.75
g	118347	1082	3574	7	23	6.25	-0.063	22.25	18.75
g	118348	2	3621	7	30	6.25	-0.063	29.688	18.75
g	118349	42	3621	7	8	6.25	7.375	14.813	18.75
g	118350	82	3621	7	15	6.25	7.375	22.25	18.75
g	118351	122	3621	7	8	6.25	14.813	22.25	18.75
g	118352	162	3621	7	15	6.25	14.813	29.688	18.75
g	118353	202	3621	5	8	2.344	19.641	27.344	18.75
g	118354	242	3621	5	8	11.719	19.641	27.344	18.75
g	118355	282	3621	15	8	2.344	19.641	27.344	18.75
g	118356	322	3621	5	8	2.344	7.234	14.953	18.75
g	118357	362	3621	5	21	2.344	7.234	27.344	18.75
g	118358	402	3621	15	21	2.344	7.234	27.344	18.75
g	118359	442	3621	15	21	2.344	7.234	27.344	18.75
g	118360	482	3621	5	8	11.719	7.234	14.953	18.75
g	118361	522	3621	15	21	2.344	7.234	27.344	18.75
g	118362	562	3621	5	21	11.719	7.234	27.344	18.75
g	118363	602	3621	15	21	2.344	7.234	27.344	18.75
g	118364	642	3621	15	8	2.344	7.234	14.953	18.75
g	118365	682	3621	15	21	2.344	7.234	27.344	18.75
g	118366	722	3621	15	21	2.344	7.234	27.344	18.75
g	118367	762	3621	15	21	2.344	7.234	27.344	18.75
g	118368	802	3621	5	8	2.344	-5.156	2.547	18.75
g	118369	842	3621	5	33	2.344	-5.156	27.344	18.75
g	118370	882	3621	15	33	2.344	-5.156	27.344	18.75
g	118371	922	3621	15	33	2.344	-5.156	27.344	18.75
g	118372	962	3621	5	21	2.344	-5.156	14.953	18.75
g	118373	1002	3621	5	33	2.344	-5.156	27.344	18.75
g	118374	1042	3621	15	33	2.344	-5.156	27.344	18.75
g	118375	1082	3621	15	33	2.344	-5.156	27.344	18.75
g	118376	2	3668	15	21	2.344	-5.156	14.953	18.75
g	118377	42	3668	15	33	2.344	-5.156	27.344	18.75
g	118378	82	3668	15	33	2.344	-5.156	27.344	18.75
g	118379	122	3668	15	33	2.344	-5.156	27.344	18.75
g	118380	162	3668	15	21	2.344	-5.156	14.953	18.75
g	118381	202	3668	15	33	2.344	-5.156	27.344	18.75
g	118382	242	3668	15	33	2.344	-5.156	27.344	18.75
g	118383	282	3668	15	33	2.344	-5.156	27.344	18.75
g	118384	322	3668	5	8	11.719	-5.156	2.547	18.75
g	118385	362	3668	15	33	2.344	-5.156	27.344	18.75
g	118386	402	3668	5	33	11.719	-5.156	27.344	18.75
g	118387	442	3668	15	33	2.344	-5.156	27.344	18.75
g	118388	482	3668	15	21	2.344	-5.156	14.953	18.75
g	118389	522	3668	15	33	2.344	-5.156	27.344	18.75
g	118390	562	3668	15	33	2.344	-5.156	27.344	18.75
g	118391	602	3668	15	33	2.344	-5.156	27.344	18.75
g	118392	642	3668	5	21	11.719	-5.156	14.953	18.75
g	118393	682	3668	15	33	2.344	-5.156	27.344	18.75
g	118394	722	3668	5	33	11.719	-5.156	27.344	18.75
g	118395	762	3668	15	33	2.344	-5.156	27.344	18.75
g	118396	802	3668	15	21	2.344	-5.156	14.953	18.75
g	118397	842	3668	15	33	2.344	-5.156	27.344	18.75
g	118398	882	3668	15	33	2.344	-5.156	27.344	18.75
g	118399	922	3668	15	33	2.344	-5.156	27.344	18.75
g	118400	962	3668	15	8	2.344	-5.156	2.547	18.75
g	118401	1002	3668	15	33	2.344	-5.156	27.344	18.75
g	118402	1042	3668	15	33	2.344	-5.156	27.344	18.75
g	118403	1082	3668	15	33	2.344	-5.156	27.344	18.75
g	118404	2	3715	15	21	2.344	-5.156	14.953	18.75
g	118405	42	3715	15	33	2.344	-5.156	27.344	18.75
g	118406	82	3715	15	33	2.344	-5.156	27.344	18.75
g	118407	122	3715	15	33	2.344	-5.156	27.344	18.75
g	118408	162	3715	15	21	2.344	-5.156	14.953	18.75
g	118409	202	3715	15	33	2.344	-5.156	27.344	18.75
g	118410	242	3715	15	33	2.344	-5.156	27.344	18.75
g	118411	282	3715	15	33	2.344	-5.156	27.344	18.75
g	118412	322	3715	15	21	2.344	-5.156	14.953	18.75
g	118413	362	3715	15	33	2.344	-5.156	27.344	18.75
g	118414	402	3715	15	33	2.344	-5.156	27.344	18.75
g	118415	442	3715	15	33	2.344	-5.156	27.344	18.75
g	118416	482	3715	5	10	0	20.391	29.688	18.75
g	118417	522	3715	5	10	4.688	20.391	29.688	18.75
g	118418	562	3715	5	10	9.375	20.391	29.688	18.75
g	118419	602	3715	5	10	14.063	20.391	29.688	18.75
g	118420	642	3715	5	10	0	11.094	20.391	18.75
g	118421	682	3715	5	10	4.688	11.094	20.391	18.75
g	118422	722	3715	5	10	9.375	11.094	20.391	18.75
g	118423	762	3715	5	10	14.063	11.094	20.391	18.75
g	118424	802	3715	5	10	0	1.797	11.094	18.75
g	118425	842	3715	5	10	4.688	1.797	11.094	18.75
g	118426	882	3715	5	10	9.375	1.797	11.094	18.75
g	118427	922	3715	5	10	14.063	1.797	11.094	18.75
g	118428	962	3715	5	10	0	-7.5	1.797	18.75
g	118429	1002	3715	5	10	4.688	-7.5	1.797	18.75
g	118430	1042	3715	5	10	9.375	-7.5	1.797	18.75
g	118431	1082	3715	5	10	14.063	-7.5	1.797	18.75
g	118432	2	3762	10	10	9.375	-7.5	1.797	18.75
g	118433	42	3762	15	10	4.688	-7.5	1.797	18.75
g	118434	82	3762	15	10	0	-7.5	1.797	18.75
g	118435	122	3762	10	10	0	-7.5	1.797	18.75
g	118436	162	3762	5	19	0	-7.5	11.094	18.75
g	118437	202	3762	5	28	0	-7.5	20.391	18.75
g	118438	242	3762	5	28	0	1.797	29.688	18.75
g	118439	282	3762	5	19	0	11.094	29.688	18.75
g	118440	322	3762	10	10	0	20.391	29.688	18.75
g	118441	362	3762	15	10	0	20.391	29.688	18.75
g	118442	402	3762	15	10	4.688	20.391	29.688	18.75
g	118443	442	3762	10	10	9.375	20.391	29.688	18.75
g	118444	482	3762	5	19	14.063	11.094	29.688	18.75
g	118445	522	3762	5	28	14.063	1.797	29.688	18.75
g	118446	562	3762	5	28	14.063	-7.5	20.391	18.75
g	118447	602	3762	5	19	14.063	-7.5	11.094	18.75
g	129792	642	3762	10	13	0	17.297	29.688	18.75
g	129793	682	3762	10	13	9.375	17.297	29.688	18.75
g	129794	722	3762	19	13	0	17.297	29.688	18.75
g	129795	762	3762	10	13	0	4.891	17.297	18.75
g	129796	802	3762	10	25	0	4.891	29.688	18.75
g	129797	842	3762	19	25	0	4.891	29.688	18.75
g	129798	882	3762	19	25	0	4.891	29.688	18.75
g	129799	922	3762	10	13	9.375	4.891	17.297	18.75
g	129800	962	3762	19	25	0	4.891	29.688	18.75
g	129801	1002	3762	10	25	9.375	4.891	29.688	18.75
g	129802	1042	3762	19	25	0	4.891	29.688	18.75
g	129803	1082	3762	19	13	0	4.891	17.297	18.75
g	129804	2	3809	19	25	0	4.891	29.688	18.75
g	129805	42	3809	19	25	0	4.891	29.688	18.75
g	129806	82	3809	19	25	0	4.891	29.688	18.75
g	129807	122	3809	10	13	0	-7.5	4.891	18.75
g	129808	162	3809	10	38	0	-7.5	29.688	18.75
g	129809	202	3809	19	38	0	-7.5	29.688	18.75
g	129810	242	3809	19	38	0	-7.5	29.688	18.75
g	129811	282	3809	10	25	0	-7.5	17.297	18.75
g	129812	322	3809	19	38	0	-7.5	29.688	18.75
g	129813	362	3809	19	38	0	-7.5	29.688	18.75
g	129814	402	3809	19	25	0	-7.5	17.297	18.75
g	129815	442	3809	19	38	0	-7.5	29.688	18.75
g	129816	482	3809	19	38	0	-7.5	29.688	18.75
g	129817	522	3809	19	38	0	-7.5	29.688	18.75
g	129818	562	3809	19	25	0	-7.5	17.297	18.75
g	129819	602	3809	19	38	0	-7.5	29.688	18.75
g	129820	642	3809	19	38	0	-7.5	29.688	18.75
g	129821	682	3809	19	38	0	-7.5	29.688	18.75
g	129822	722	3809	10	13	9.375	-7.5	4.891	18.75
g	129823	762	3809	19	38	0	-7.5	29.688	18.75
g	129824	802	3809	10	38	9.375	-7.5	29.688	18.75
g	129825	842	3809	19	38	0	-7.5	29.688	18.75
g	129826	882	3809	19	25	0	-7.5	17.297	18.75
g	129827	922	3809	19	38	0	-7.5	29.688	18.75
g	129828	962	3809	19	38	0	-7.5	29.688	18.75
g	129829	1002	3809	19	38	0	-7.5	29.688	18.75
g	129830	1042	3809	10	25	9.375	-7.5	17.297	18.75
g	129831	1082	3809	19	38	0	-7.5	29.688	18.75
g	129832	2	3856	19	38	0	-7.5	29.688	18.75
g	129833	42	3856	19	25	0	-7.5	17.297	18.75
g	129834	82	3856	19	38	0	-7.5	29.688	18.75
g	129835	122	3856	19	38	0	-7.5	29.688	18.75
g	129836	162	3856	19	38	0	-7.5	29.688	18.75
g	129837	202	3856	19	13	0	-7.5	4.891	18.75
g	129838	242	3856	19	38	0	-7.5	29.688	18.75
g	129839	282	3856	19	38	0	-7.5	29.688	18.75
g	129840	322	3856	19	38	0	-7.5	29.688	18.75
g	129841	362	3856	19	25	0	-7.5	17.297	18.75
g	129842	402	3856	19	38	0	-7.5	29.688	18.75
g	129843	442	3856	19	38	0	-7.5	29.688	18.75
g	129844	482	3856	19	38	0	-7.5	29.688	18.75
g	129845	522	3856	19	25	0	-7.5	17.297	18.75
g	129846	562	3856	19	38	0	-7.5	29.688	18.75
g	129847	602	3856	19	38	0	-7.5	29.688	18.75
g	129848	642	3856	19	38	0	-7.5	29.688	18.75
g	129849	682	3856	19	25	0	-7.5	17.297	18.75
g	129850	722	3856	19	38	0	-7.5	29.688	18.75
g	129851	762	3856	19	38	0	-7.5	29.688	18.75
g	129852	802	3856	10	13	0	-7.5	4.891	18.75
g	129853	842	3856	19	13	0	-7.5	4.891	18.75
g	129854	882	3856	10	25	0	-7.5	17.297	18.75
g	129855	922	3856	19	25	0	-7.5	17.297	18.75
g	129856	962	3856	10	38	0	-7.5	29.688	18.75
g	129857	1002	3856	19	38	0	-7.5	29.688	18.75
g	129858	1042	3856	19	38	0	-7.5	29.688	18.75
g	129859	1082	3856	19	38	0	-7.5	29.688	18.75
g	129860	2	3903	19	38	0	-7.5	29.688	18.75
g	129861	42	3903	19	38	0	-7.5	29.688	18.75
g	129862	82	3903	19	25	0	-7.5	17.297	18.75
g	129863	122	3903	10	13	9.375	-7.5	4.891	18.75
g	129864	162	3903	19	13	0	-7.5	4.891	18.75
g	129865	202	3903	10	25	9.375	-7.5	17.297	18.75
g	129866	242	3903	19	25	0	-7.5	17.297	18.75
g	129867	282	3903	10	38	9.375	-7.5	29.688	18.75
g	129868	322	3903	19	38	0	-7.5	29.688	18.75
g	129869	362	3903	19	38	0	-7.5	29.688	18.75
g	129870	402	3903	19	38	0	-7.5	29.688	18.75
g	129871	442	3903	19	38	0	-7.5	29.688	18.75
g	129872	482	3903	19	38	0	-7.5	29.688	18.75
g	129873	522	3903	19	25	0	-7.5	17.297	18.75
g	129874	562	3903	19	38	0	-7.5	29.688	18.75
g	129875	602	3903	19	38	0	-7.5	29.688	18.75
g	129876	642	3903	19	38	0	-7.5	29.688	18.75
g	129877	682	3903	19	38	0	-7.5	29.688	18.75
g	129878	722	3903	19	38	0	-7.5	29.688	18.75
g	129879	762	3903	10	13	0	17.297	29.688	18.75
g	129880	802	3903	19	13	0	17.297	29.688	18.75
g	129881	842	3903	10	25	0	4.891	29.688	18.75
g	129882	882	3903	19	25	0	4.891	29.688	18.75
g	129883	922	3903	10	38	0	-7.5	29.688	18.75
g	129884	962	3903	19	25	0	4.891	29.688	18.75
g	129885	1002	3903	19	38	0	-7.5	29.688	18.75
g	129886	1042	3903	19	38	0	-7.5	29.688	18.75
g	129887	1082	3903	19	38	0	-7.5	29.688	18.75
g	129888	2	3950	19	38	0	-7.5	29.688	18.75
g	129889	42	3950	19	38	0	-7.5	29.688	18.75
g	129890	82	3950	10	13	9.375	17.297	29.688	18.75
g	129891	122	3950	19	13	0	17.297	29.688	18.75
g	129892	162	3950	10	25	9.375	4.891	29.688	18.75
g	129893	202	3950	19	25	0	4.891	29.688	18.75
g	129894	242	3950	10	38	9.375	-7.5	29.688	18.75
g	129895	282	3950	19	25	0	4.891	29.688	18.75
g	129896	322	3950	19	38	0	-7.5	29.688	18.75
g	129897	362	3950	19	38	0	-7.5	29.688	18.75
g	129898	402	3950	19	38	0	-7.5	29.688	18.75
g	129899	442	3950	19	38	0	-7.5	29.688	18.75
g	129900	482	3950	10	38	0	-7.5	29.688	18.75
g	129901	522	3950	19	19	0	11.094	29.688	18.75
g	129902	562	3950	10	38	9.375	-7.5	29.688	18.75
g	129903	602	3950	19	19	0	-7.5	11.094	18.75
g	129904	642	3950	3	38	2.344	-7.5	29.688	18.75
g	129905	682	3950	3	38	4.688	-7.5	29.688	18.75
g	129906	722	3950	3	38	7.031	-7.5	29.688	18.75
g	129907	762	3950	3	38	9.375	-7.5	29.688	18.75
g	129908	802	3950	3	38	11.719	-7.5	29.688	18.75
g	129909	842	3950	3	38	14.063	-7.5	29.688	18.75
g	129910	882	3950	19	5	0	20.391	25.031	18.75
g	129911	922	3950	19	5	0	15.734	20.391	18.75
g	129912	962	3950	19	5	0	11.094	15.734	18.75
g	129913	1002	3950	19	5	0	6.438	11.094	18.75
g	129914	1042	3950	19	5	0	1.797	6.438	18.75
g	129915	1082	3950	19	5	0	-2.844	1.797	18.75
g	129916	2	3997	19	38	0	-7.5	29.688	18.75
g	129917	42	3997	19	38	0	-7.5	29.688	18.75
g	129918	82	3997	19	38	0	-7.5	29.688	18.75
g	129919	122	3997	19	38	0	-7.5	29.688	18.75
g	129920	162	3997	19	38	0	-7.5	29.688	18.75
g	129922	202	3997	19	10	0	20.391	29.688	18.75
g	129923	242	3997	19	14	0	15.734	29.688	18.75
g	129924	282	3997	19	24	0	6.438	29.688	18.75
g	129925	322	3997	19	28	0	1.797	29.688	18.75
g	129926	362	3997	19	33	0	-2.844	29.688	18.75
g	129927	402	3997	5	38	14.063	-7.5	29.688	18.75
g	129928	442	3997	8	38	11.719	-7.5	29.688	18.75
g	129929	482	3997	12	38	7.031	-7.5	29.688	18.75
g	129930	522	3997	15	38	4.688	-7.5	29.688	18.75
g	129931	562	3997	17	38	2.344	-7.5	29.688	18.75
g	129941	602	3997	19	38	0	-7.5	29.688	18.75
g	129942	642	3997	19	38	0	-7.5	29.688	18.75
g	129943	682	3997	19	28	0	-7.5	20.391	18.75
g	129946	722	3997	19	38	0	-7.5	29.688	18.75
g	129947	762	3997	19	38	0	-7.5	29.688	18.75
g	129998	802	3997	13	38	0	-7.5	29.688	18.75
g	129999	842	3997	7	38	0	-7.5	29.688	18.75
g	130020	882	3997	10	19	4.688	11.094	29.688	18.75
g	130021	922	3997	10	19	4.688	-7.5	11.094	18.75
g	130022	962	3997	10	19	0	1.797	20.391	18.75
g	130023	1002	3997	10	19	9.375	1.797	20.391	18.75
g	130024	1042	3997	19	19	0	11.094	29.688	18.75
g	130025	1082	3997	10	38	9.375	-7.5	29.688	18.75
g	130026	2	4044	19	19	0	-7.5	11.094	18.75
g	130027	42	4044	10	38	0	-7.5	29.688	18.75
g	130028	82	4044	10	19	9.375	11.094	29.688	18.75
g	130029	122	4044	10	19	0	-7.5	11.094	18.75
g	130030	162	4044	10	19	9.375	-7.5	11.094	18.75
g	130031	202	4044	10	19	0	11.094	29.688	18.75
g	130032	242	4044	15	23	2.188	0	22.188	18.75
g	130033	282	4044	4	16	12.969	3.359	18.828	18.75
g	130034	322	4044	15	23	2.188	0	22.188	18.75
g	130035	362	4044	12	23	5.547	0	22.188	18.75
g	130036	402	4044	15	16	2.188	3.359	18.828	18.75
g	130037	442	4044	15	23	2.188	0	22.188	18.75
g	130038	482	4044	15	23	2.188	0	22.188	18.75
g	130039	522	4044	15	19	2.188	3.359	22.188	18.75
g	130040	562	4044	15	23	2.188	0	22.188	18.75
g	130041	602	4044	15	23	2.188	0	22.188	18.75
